,Neuron,Astrocyte,Oligodendrocyte,Microglia,Endothelial,OPC,Pericyte,group
GSM4659645,-0.036644574,-1.1325593,-1.3550656,-1.3442969,-1.2259743,-1.3554147,-1.3224411,ALS
GSM4659646,0.7903239,-0.14223728,-1.199531,-0.6797021,-0.065906964,-0.9756173,0.26453993,Control
GSM4659647,0.760481,-0.46711323,-1.2529323,-0.57840145,-0.31059,-0.8222235,-0.027537933,Control
GSM4659648,-0.1706776,-0.14212212,1.0686355,0.5314929,1.0806522,0.12031874,0.53250533,Control
GSM4659649,-0.18651548,-0.11701476,0.72611356,0.6168584,1.4633502,0.020073202,0.8506421,Control
GSM4659650,0.24583389,-1.196275,-1.1438186,-1.2694407,1.0941257,0.27939716,0.32087782,Control
GSM4659651,-0.85132307,0.030426145,0.9358638,0.6716974,0.40271243,0.12946853,0.09711681,Control
GSM4659652,-0.8553647,0.118241936,0.9065507,0.64172345,0.384358,0.0092788655,0.2251089,Control
GSM4659653,0.33835274,0.15002227,0.70179915,0.62931925,0.4263443,0.7743791,0.25737694,ALS
GSM4659654,-0.20890093,-1.2188224,-1.704874,-1.423419,-0.9167018,-1.7165308,-1.2313242,Control
GSM4659655,-0.9634774,0.044176493,0.79564786,0.51118296,0.07856127,0.20069046,-0.25935054,Control
GSM4659656,-0.73661286,0.10540249,0.73679656,0.551173,0.20378521,0.30141765,0.34569606,Control
GSM4659657,0.553037,0.026389258,-0.24959993,-0.16331552,0.16728142,-0.24088717,0.062852286,ALS
GSM4659659,-0.77232337,-0.8015121,0.054077473,-0.33085096,0.7565824,-0.19453256,-0.1958985,ALS
GSM4659660,-1.1706859,0.3244459,0.7046633,1.0039879,0.59048134,0.47564203,0.13408275,ALS
GSM4659661,-0.80694467,0.60955524,0.7590275,1.4091533,1.1552966,0.51579106,0.41108158,ALS
GSM4659662,0.55501455,-0.56032336,-1.1852397,-0.4259921,-0.13562217,-0.3503682,-0.30723253,Control
GSM4659663,0.21466604,-0.5753688,-0.18658073,-0.57490146,0.13811235,0.7516972,-0.107003585,Control
GSM4659664,-0.41000786,-2.1516488,-2.338379,-2.0558515,-1.2788466,-2.1961849,-2.1675632,Control
GSM4659665,-0.44737786,-0.5956693,0.86347747,-0.028476527,1.1355618,0.7629752,-0.002398606,Control
GSM4659666,0.7617516,-0.7966705,-0.8821529,-0.44401625,-0.04704284,-0.6744411,-0.10241055,ALS
GSM4659667,0.83785754,-0.8834356,-0.6656261,-0.23842211,0.16276662,-0.41498208,-0.05314047,ALS
GSM4659668,-0.12630233,-1.322138,-2.0234854,-1.1058956,-0.8491212,-1.6926259,-1.2344532,ALS
GSM4659669,-0.56685174,-0.08139687,0.6247011,1.3612002,0.6824786,-0.0004117787,0.1343924,ALS
GSM4659670,-0.54639083,-0.25247177,0.60174346,1.0686316,1.1192058,0.49327293,0.5134428,ALS
GSM4659671,0.48444754,-0.08230574,-0.68539774,-0.37176943,0.23964806,-0.0572521,0.26835805,Control
GSM4659672,0.3097788,0.25080845,-0.81522095,0.11659149,0.8514964,0.43941683,0.64546233,Control
GSM4659673,-0.31255433,-1.3995312,-1.3193518,-1.128001,-0.529789,-1.238596,-0.97017324,Control
GSM4659674,0.750364,-0.09791203,-0.98402214,-0.9287166,0.07043499,-0.8490797,0.06506195,ALS
GSM4659675,0.8226138,0.20335622,-0.6574347,-0.398653,0.36705595,-0.14854999,0.21438368,ALS
GSM4659676,-0.31200722,-1.3177388,-2.1910973,-2.1920497,-1.8822193,-2.5838757,-1.8223418,ALS
GSM4659677,-0.79206127,0.26152393,0.7712803,0.65023243,0.5920232,0.3880598,0.17158763,ALS
GSM4659678,-0.67409945,0.1200486,0.8906619,0.11747271,1.6121238,0.44236344,0.4320353,ALS
GSM4659679,-0.174187,-0.88480085,-1.9278799,-1.9938011,-0.7591499,-1.7850434,-1.3396876,Control
GSM4659680,-0.6247378,-0.037275046,0.8458342,-0.19534945,0.9636591,-0.11062603,0.16173646,Control
GSM4659681,0.83589274,-0.20730565,-0.24786803,-0.47887263,0.137049,-0.023848224,0.020368159,ALS
GSM4659682,-0.39217347,-1.2216351,-1.4757943,-1.8312429,-1.1643634,-1.9047601,-1.5773152,ALS
GSM4659683,-0.8126137,-0.15889694,1.1638538,0.5326368,0.77337193,0.77135277,-0.14984313,ALS
GSM4659684,-1.1835496,0.025569947,1.0752424,0.56514996,1.165655,0.7377809,0.22164679,ALS
GSM4659685,0.675352,-0.47519302,-0.45575365,-0.65239614,-0.41137475,-0.102407515,0.09906037,Control
GSM4659686,0.5171343,-0.04836504,-0.9949432,-0.39109316,-0.20188303,0.27930444,0.0736825,Control
GSM4659687,-0.86914194,-0.4848768,1.188322,0.11807228,0.5837993,0.29105443,0.22631648,Control
GSM4659688,-1.0357428,-0.46967238,1.0868952,-0.038865402,0.7860958,0.31011093,0.10850563,Control
GSM4659689,-0.2946692,0.029891575,-1.3811482,-1.2364808,0.6847538,0.048314273,0.2775439,ALS
GSM4659691,-1.1864647,-1.0245548,-2.2571313,-2.1586936,0.36645094,-2.3669534,-0.942822,ALS
GSM4659692,-1.9684662,-0.6871142,0.3440904,0.11360564,0.9850156,-0.24824733,-0.06676425,ALS
GSM4659693,-2.1695254,-1.4361113,-0.11947261,-0.9987256,1.7252375,-1.1367918,-0.3151804,ALS
GSM4659694,0.664328,-0.06802081,-0.9763844,-0.21807607,0.28472516,-0.18342628,0.05091772,Control
GSM4659695,-0.6113015,-0.27259588,1.086202,0.8123727,0.753269,0.45854864,0.12742542,Control
GSM4659696,-0.302382,0.04225786,1.058584,0.8788554,1.0505222,0.3399244,0.3447309,Control
GSM4659697,0.5253137,-0.2601168,-0.41630507,-0.29806778,0.59337884,-0.6506499,0.14888279,ALS
GSM4659699,-0.34690017,-1.7106774,-1.6745999,-1.6915331,-0.95156515,-2.304185,-1.3435293,ALS
GSM4659700,-1.1334481,0.39932021,0.8719411,0.9915979,0.5547657,-0.0018431172,-0.002118015,ALS
GSM4659701,-0.5574218,0.61577725,0.8731357,0.92149526,0.49625722,0.11122633,-0.047504295,ALS
GSM4659702,-1.3351547,0.07561616,0.627309,0.46998116,1.4602537,-0.14016598,0.49778628,Control
GSM4659703,0.78235465,-0.21224423,-1.1089978,-0.33001003,0.28841993,-0.49876055,0.17065777,ALS
GSM4659704,0.76320857,-0.115285225,-1.1646422,-0.24274497,-0.18291888,0.04661086,-0.31155437,ALS
GSM4659705,-0.20192169,-1.213108,-1.8631393,-1.3865556,-1.3764006,-1.7331613,-1.4137605,ALS
GSM4659706,0.028958056,0.3750641,0.61635274,0.50952226,1.1602981,0.45294517,0.15629017,ALS
GSM4659707,0.4053081,-0.021096414,-0.4165656,-0.3876551,-0.14982356,0.5059961,-0.022556404,Control
GSM4659708,0.38632387,-0.3464387,-0.94226813,-0.39616254,-0.6745323,0.055853434,-0.066306196,ALS
GSM4659709,-0.317507,-1.6880778,-2.3652582,-1.864307,-1.0750291,-1.9991393,-1.522076,ALS
GSM4659710,-0.31187543,-0.066039905,0.25198343,1.2260354,1.3706285,0.08197128,0.5410101,ALS
GSM4659711,-0.6600829,-0.3889198,-0.0057754987,0.88799095,1.0182283,0.20921648,-0.07199905,ALS
GSM4659712,-0.87646645,-0.13157664,1.2731699,-0.017280718,0.5501593,0.8032541,0.09008588,Control
GSM4659713,0.6315024,-0.030480992,-1.1861589,-0.4587358,0.07004666,-0.7581578,0.06229445,ALS
GSM4659714,0.7903769,-0.15482472,-0.52740943,-0.2844427,0.26719707,-0.48844802,-0.17710772,ALS
GSM4659715,-0.13784876,-0.8084179,-1.4977316,-1.2091919,-1.1200238,-1.7974652,-1.3470914,ALS
GSM4659716,-0.8827785,0.56274855,0.48276043,0.56514233,0.18140301,0.31196716,0.2108969,ALS
GSM4659717,-1.0174423,0.5047683,0.5031073,0.63494176,0.115494035,0.3844293,0.20551385,ALS
GSM4659718,-0.14630722,-0.82626665,0.19687687,-0.53431755,0.6214441,0.65695125,0.118912324,ALS
GSM4659720,-1.055435,-1.6377217,-1.4440392,-2.3691642,-0.2511812,-2.641674,-1.3164297,ALS
GSM4659721,-1.8713223,-0.16382702,0.843274,0.058187753,0.5760407,-0.5263309,-0.14986067,ALS
GSM4659722,-1.8652657,-0.56577563,0.78458154,-0.2064308,1.5028076,-0.14161739,0.054699432,ALS
GSM4659723,-0.76164734,-0.04820577,0.7999942,0.51228577,0.78228134,0.6565588,0.15709676,Control
GSM4659724,-1.2692424,0.08452275,0.7697066,0.5874095,0.7379364,0.32942852,-0.05734614,Control
GSM4659725,0.69421357,-0.46114358,-1.5377566,-0.084664844,-0.62287354,-0.3823743,-0.1753188,ALS
GSM4659727,-0.16045894,-1.6032215,-2.0890744,-1.3328279,-1.7945755,-1.8982482,-1.6365362,ALS
GSM4659728,-0.5210156,0.21046995,0.53666806,0.96997136,0.509214,0.16244057,-0.10683797,ALS
GSM4659729,0.25502384,-0.10262177,0.22472197,0.74268174,-0.59389323,0.4364103,-0.6783852,ALS
GSM4659730,0.61487514,-0.042658154,-0.47183287,-0.4888041,0.2865035,-0.18067786,0.8276979,Other
GSM4659731,0.19212206,0.029599536,0.41654804,0.14519139,-0.38905773,0.3310622,0.0066704666,Other
GSM4659732,-0.5068645,-1.0675912,-2.1462207,-1.098111,-1.2974598,-1.9182445,-1.0797772,Other
GSM4659733,-0.06397415,-1.7448951,-2.1042242,-1.8417708,-1.6451616,-2.0666738,-1.6486367,ALS
GSM4659734,-0.68126154,0.18582882,0.8533049,0.9262369,0.032082736,0.68997145,-0.062309425,ALS
GSM4659736,1.4359294,1.0472146,-0.26587814,-0.20295592,0.9759451,0.7074616,1.2089596,ALS
GSM4659738,-0.4648779,0.16914092,0.4012259,-1.1682367,2.2637126,-0.8144562,0.8211809,ALS
GSM4659739,-0.43516237,1.5262841,1.490517,1.8219868,1.7613217,1.0733708,1.1507143,ALS
GSM4659740,-0.38709056,1.6481801,1.413053,1.7438809,1.6958048,1.0813524,1.154914,ALS
GSM4659741,-1.1719705,1.5751857,1.4317318,1.2446015,2.0718155,1.3320738,1.4697762,Control
GSM4659742,1.3317833,0.44839966,-0.2699916,-0.021262342,1.1417692,0.6169427,1.0482991,ALS
GSM4659743,1.3512715,0.94354624,-0.1793234,0.29290384,1.4192935,0.98530394,1.2981908,ALS
GSM4659744,0.53731203,-0.048545048,-1.381531,-0.9224956,0.13696042,-0.8934277,-0.26662657,ALS
GSM4659745,0.53892183,1.44216,1.2597392,1.3788953,2.354836,1.7595142,1.5149661,ALS
GSM4659746,1.5447958,0.31113198,0.03387785,0.49642086,0.7495326,1.3648763,0.9264852,Control
GSM4659747,1.3194845,1.7046635,0.29939923,-0.27543637,0.5785848,1.6074198,1.2988813,ALS
GSM4659748,1.4426781,0.88866353,-0.16539034,-0.9695398,0.89642125,0.27061647,1.004586,ALS
GSM4659749,-0.39765078,1.5621804,1.4297894,1.337108,1.2721525,1.2720834,1.0412136,ALS
GSM4659750,-0.060162436,1.3227082,1.3934643,1.2592238,1.3686261,1.3874296,0.9966877,ALS
GSM4659751,-0.47376952,1.2346269,1.6936364,1.3276876,1.684898,1.2198992,1.1926098,Control
GSM4659752,-0.26220438,1.1327498,1.7601902,1.1994255,1.7562954,1.4812608,0.9221581,Control
GSM4659753,1.5059974,0.97918075,0.69987184,0.28557774,0.94025534,1.0712836,1.0804769,ALS
GSM4659754,1.4105024,0.8265982,-0.31059945,-0.01649704,0.49232024,0.714715,0.7594221,ALS
GSM4659755,0.52434564,0.1298419,-1.5288597,-1.2176664,-0.57414997,-0.69608355,-0.56904274,ALS
GSM4659756,0.0791128,1.3346343,1.832649,1.3407892,1.483512,2.0180573,1.0802158,ALS
GSM4659757,0.028151529,1.5450981,1.6956153,1.1420953,1.6247044,2.0539198,1.0708673,ALS
GSM4659758,1.6209729,-0.5199719,0.29472256,0.15016359,0.6434163,1.0790976,0.90141535,Control
GSM4659759,1.651351,0.10776511,0.34760678,0.41448638,0.7847451,1.5368514,0.9956052,Control
GSM4659760,1.5700765,0.93921494,0.31960997,0.6318268,1.4290739,0.6829922,1.5727249,ALS
GSM4659761,1.3466611,0.9775597,0.19962469,0.6258349,1.2491164,0.55564505,1.2223638,ALS
GSM4659762,0.3840648,-0.06428098,-0.603887,-0.30723846,-0.115263104,-0.82337105,-0.4273298,ALS
GSM4659763,0.12795036,1.2793337,1.5980068,1.6964842,1.4476328,1.6159805,1.0342747,ALS
GSM4659764,0.57288426,1.2734163,1.7187601,1.5613623,2.1105103,1.814293,1.4854698,ALS
GSM4659765,0.97691697,1.290722,0.2715389,1.1920567,1.6343422,1.1203978,1.3199416,Control
GSM4659766,-0.1947655,1.6714311,1.5642751,2.0956388,2.0791054,1.3978174,1.4690949,Control
GSM4659767,0.10285486,1.0716707,1.2721174,1.8278393,1.8090458,1.2754301,0.97805864,Control
GSM4659768,1.473599,0.34463373,-0.020141177,0.5575565,0.6155289,1.0717788,0.77297777,Control
GSM4659769,1.6303344,-0.104068756,0.370914,0.33127227,0.64133567,0.98239124,0.95989627,Control
GSM4659770,0.643079,-0.41995466,-0.67680293,-0.5395465,-0.5085691,-0.5579941,-0.7896964,Control
GSM4659771,0.84393317,0.9536156,1.7757527,1.566337,1.0175965,2.0643919,0.7852877,Control
GSM4659772,1.5125055,1.1334816,-0.2594453,0.97084254,1.0877119,0.19859208,1.4165819,ALS
GSM4659773,0.5290579,0.189282,-0.60879666,0.046965584,0.12183322,-0.98417425,-0.08236701,ALS
GSM4659774,0.0056331027,1.3524045,1.3825344,1.6148019,1.6229414,1.056395,1.4841787,ALS
GSM4659775,0.3330758,1.3283705,1.4218175,1.6275926,2.1119878,1.6352977,1.6503438,ALS
GSM4659776,1.2447368,0.73772335,0.23274404,-0.39121988,0.748057,0.9959478,1.0488611,Control
GSM4659777,0.4671435,-0.45750797,-0.9864536,-1.3274287,-0.12796707,-0.5402605,-0.65169096,Control
GSM4659778,-0.66786474,0.95205534,1.8142645,0.8926708,1.0968851,1.4354061,0.8799043,Control
GSM4659779,-0.7063013,1.0483105,1.9340038,0.66198486,1.794997,1.3813304,0.9339428,Control
GSM4659780,1.5083951,1.0857868,0.013892259,0.47175452,1.1358706,1.0283403,1.2417592,ALS
GSM4659781,1.4072549,1.3266914,0.117005415,0.6426407,1.2556039,1.619122,1.4474765,ALS
GSM4659782,0.7231432,1.5879525,1.6844295,1.6962668,1.3952172,1.8553427,0.9106325,ALS
GSM4659783,-0.25818792,1.1391989,1.9202908,1.1653553,1.7324877,1.4793445,0.8288434,Control
GSM4659784,-0.41213435,1.158306,1.6229138,0.9723833,2.2043405,1.2838733,0.76524967,Control
GSM4659785,0.7669661,1.1408902,-0.27680165,-1.0010928,1.2584331,1.3368577,1.3098162,ALS
GSM4659787,0.08821146,0.15977396,-1.1077286,-1.9314694,1.0291424,-0.9214425,-0.19670333,ALS
GSM4659789,1.0458769,0.70360726,-0.3826512,-0.12652148,0.7755612,1.896428,1.2692176,Control
GSM4659790,-0.7363309,0.55571306,1.6319252,0.43053296,1.4173144,0.9371439,0.69035643,Control
GSM4659791,1.3131477,1.1645294,0.5244674,0.62609863,0.34084815,1.596074,0.801165,ALS
GSM4659792,1.4845984,1.1230581,-0.73224187,0.16034426,0.34076676,1.2225204,1.2447355,ALS
GSM4659793,0.6351542,0.062538624,-0.9677379,-0.7518323,-0.7823836,-0.32251424,-0.44510785,ALS
GSM4659794,-0.03862275,1.8414623,1.5866393,1.8228182,1.0411072,1.6273351,1.0522779,ALS
GSM4659795,0.3636555,1.6913714,1.3680947,1.6050297,1.6189992,1.8667519,1.3556287,ALS
GSM4659796,-0.20737988,0.9172332,1.5435104,1.0561162,2.596807,1.5986223,1.5444287,Control
GSM4659797,1.1710494,1.0373861,0.106989585,0.5009576,0.9467572,1.1056993,1.3293647,ALS
GSM4659798,1.4010657,0.95732594,-0.14770725,0.3361883,0.715733,0.94818294,1.114588,ALS
GSM4659799,0.9138431,1.1277727,1.4153172,1.8767104,1.5714716,1.6071985,0.98762214,ALS
GSM4659800,1.5145122,0.95423406,0.93592143,0.70529175,0.98043406,1.4344138,1.2412456,Control
GSM4659801,1.2892413,0.91997224,0.73541677,0.7267148,0.80810785,1.4755366,1.0444613,Control
GSM4659802,0.7278083,0.25822446,0.042268723,-0.07108205,-0.22927538,-0.05737207,-0.31419203,Control
GSM4659803,0.8340851,1.3573356,1.8406959,1.7374516,0.70335424,2.110036,0.5968355,Control
GSM4659804,1.2461499,1.210057,0.029620813,0.7192831,1.3799827,1.1611094,1.1545308,ALS
GSM4659805,1.5380126,1.430034,0.066838175,0.49882087,1.2166728,1.0480857,1.4272575,ALS
GSM4659806,0.6114827,0.24672605,-0.83228534,-0.7912776,-0.16660842,-0.35799062,-0.46976247,ALS
GSM4659807,-0.54451525,1.9208977,1.6870681,1.7883183,1.6075712,1.8189917,1.3162463,ALS
GSM4659808,-0.13431631,1.8060948,1.7623624,1.7054535,1.9450722,1.7538264,1.1187029,ALS
GSM4659809,1.5788479,1.0628288,0.7514741,-0.107230484,1.060632,1.0244954,1.0872649,Control
GSM4659810,1.4015352,1.0973393,0.4787525,-0.07374351,0.73800945,1.0695941,0.86172056,Control
GSM4659811,1.4129301,1.1359109,0.32295102,0.86591846,1.152144,0.71467984,1.1763939,ALS
GSM4659812,1.4643583,1.122043,0.24686739,0.6848013,1.0665333,0.6053587,1.072233,ALS
GSM4659813,0.12339886,1.6706277,1.4694264,1.8947946,1.4364189,1.4445602,1.4563843,ALS
GSM4659814,0.47233418,1.4359732,1.2556945,1.6511828,1.6841278,1.4496009,1.3350052,ALS
GSM4659815,1.3526881,0.51010865,0.46398652,-0.20100582,0.37758934,0.8191582,0.8000645,Control
GSM4659816,0.4714135,1.4225187,0.6324947,0.7307885,1.0495458,1.6744087,1.5500907,Control
GSM4659817,0.5851678,-0.31370237,-1.2397405,-1.5578638,-0.61142343,-0.5879805,-0.76136506,Control
GSM4659818,-0.1655556,1.2434536,1.9044249,1.4503752,1.1252539,1.8562562,1.033232,Control
GSM4659819,0.8509791,0.85443825,0.13058347,0.31029096,1.3515211,1.0196588,0.8585787,ALS
GSM4659820,0.35245448,-0.4158655,-1.2059765,-1.2641025,0.42829737,-1.2030917,-0.43706718,ALS
GSM4659821,-1.1708264,0.978915,1.3418369,1.6376041,2.2035728,1.5156707,1.0734236,ALS
GSM4659822,-0.8825815,1.6064496,1.7798178,2.1844208,2.8317704,2.3129666,1.6718435,ALS
GSM4659823,0.5300991,1.4546325,0.236453,0.22597611,1.7981148,1.848382,1.5678421,Control
GSM4659824,-1.2634339,-0.042641606,1.1662068,-0.38347778,0.92641604,0.38385496,0.22791588,Control
GSM4659825,0.6083127,-0.10472741,-0.6478707,-0.13254885,0.25048867,0.17857268,0.17565823,ALS
GSM4659826,0.39829484,0.1866033,-0.95889866,0.4159126,-0.06753208,0.7426852,0.1490957,ALS
GSM4659827,-1.4950581,0.09323644,0.8604249,1.1664242,0.82873696,0.3977757,0.32693586,ALS
GSM4659828,-1.1195855,-0.2933133,0.8951396,0.7674182,1.586008,0.895681,0.46592155,ALS
GSM4659829,-0.03193018,0.32039344,-0.41738832,0.41679105,1.2605999,0.3507803,1.0619838,Other
GSM4659830,-0.21681482,0.055219196,-0.039019905,1.284017,0.86621064,0.83762795,0.35562035,Other
GSM4659831,-0.49490434,-1.617989,-2.800647,-0.46845278,-0.6438981,-2.3671896,-1.1008685,Other
GSM4659832,0.6962395,0.055766925,-0.77271193,-0.839546,-0.548599,-0.24871576,0.23766641,Other
GSM4659833,-0.59241575,-1.5776782,-2.2413647,-2.6215458,-1.2349555,-1.86986,-1.4621388,Other
GSM4659834,-0.67777807,0.27386144,-0.29363266,0.10679523,1.5954689,0.9359972,1.720867,Other
GSM4659836,0.647446,-0.47279102,-1.1097232,-1.1190139,0.16354649,-0.29266715,0.0995085,Other
GSM4659837,0.5038806,-0.8308872,-1.3502672,-1.1373597,-0.15069495,-0.16456723,-0.4937677,Other
GSM4659838,-0.52915543,-1.5841314,-2.5383997,-2.5063932,-0.6486037,-2.4180691,-1.4933401,Other
GSM4659839,0.66787714,-0.30824116,0.71634877,-0.42757288,-0.24587247,0.35966894,0.16268049,Other
GSM4659840,-0.12140651,0.5642419,-0.25353843,-0.46961156,0.38574326,0.05680731,0.7345549,Other
GSM4659841,-0.58839464,-1.4396054,-0.8988304,-1.8111218,-1.4682525,-1.4541383,-1.4511101,Other
GSM4659842,-0.40569437,0.408844,-0.25529495,-0.4973738,0.56764424,0.16638097,0.8546958,Other
GSM4659843,0.38247564,-0.5018213,-0.7963344,-0.5625197,-0.57815903,-0.49824685,-0.10647263,Other
GSM4659844,-0.7632966,-1.5263675,-1.6647996,-1.43816,-1.7929957,-2.262986,-1.4080964,Other
GSM4659845,-0.118907765,0.35560003,-0.12020031,-0.6375114,0.32873583,-0.1802665,0.96238244,Other
GSM4659846,-0.014018018,0.6022758,-0.39248052,-0.4835486,0.13799493,-0.03109802,0.38967344,Other
GSM4659847,-0.70914096,-1.0123526,-1.4721884,-1.7152532,-0.37917385,-1.7854456,-0.45114475,Other
GSM4659848,-0.07612006,0.5579257,-0.53686476,-0.059284005,-0.32320204,-0.21466714,0.45523772,Other
GSM4659849,-0.26323774,-1.0252961,-0.28082955,-1.0961865,-1.1802447,-0.86678535,-1.1087525,Other
GSM4659850,-0.21161087,0.704596,-0.8068669,-0.03264493,0.6324008,-0.059967253,0.62630755,Other
GSM4659851,0.07991995,0.43141708,-0.8172939,-0.1695375,0.2189776,0.24938615,0.39562565,Other
GSM4659852,-0.49038973,-1.1231376,-2.0050614,-1.739884,-1.2869027,-1.7649292,-1.4063519,Other
GSM4659853,-0.2550618,0.07390234,-0.6306773,-0.48027602,1.7817665,0.11348428,1.571287,Other
GSM4659854,-0.48573926,-1.5613697,-2.3140106,-1.5745128,-1.612304,-2.223506,-1.3773719,Other
GSM4659855,-0.37774205,0.7712459,-0.13547415,-0.09281459,1.4825041,0.61570746,1.4920789,Other
GSM4659856,-0.31473666,0.43256342,-0.18459496,-0.043679994,1.0294443,0.8614079,0.9883197,Other
GSM4659857,-0.7928713,-0.45188883,-1.0357486,-2.1444461,0.6126753,-1.5360029,-0.20948975,Other
GSM4659858,-0.38326195,0.5246392,0.11407006,0.119696826,0.9636863,0.26862976,0.9726904,Other
GSM4659859,-0.054297075,0.22387381,-0.43209332,-0.06444565,0.369559,0.4690179,0.66777503,Other
GSM4659860,-0.820289,-1.7235135,-1.8396912,-1.6626328,-1.9021995,-1.7469971,-1.5962533,Other
GSM4659861,-0.7723117,-0.17362852,0.022058003,-0.7007907,1.6702154,0.032125384,1.0073249,Other
GSM4659862,-0.8652445,-0.29659134,-0.057288103,-0.59173685,1.9422643,0.81412697,1.5682895,Other
GSM4659863,-1.1037374,-1.5121406,-2.4925015,-2.4096296,-0.37486795,-2.874484,-1.2292775,Other
GSM4659865,0.60849726,-1.5452222,-0.6829655,-1.008477,0.12872136,-0.99476445,-0.28201216,Other
GSM4659866,-0.84337175,-2.513772,-2.689196,-2.3364544,-1.3013184,-3.1958,-2.0155475,Other
GSM4659867,0.72407025,-0.10309222,-0.5735328,-0.95894665,0.5561851,-0.48657876,0.4579149,Other
GSM4659868,0.44221058,-0.15743105,0.07946929,-0.5659692,0.47832575,0.26294807,0.4931106,Other
GSM4659869,-0.377564,-2.2624307,-1.8312681,-2.5752351,-1.3424613,-2.2982254,-1.3807036,Other
GSM4659870,0.45273462,-0.5915975,-1.4715594,-0.6279668,-0.45672217,-1.0017533,-0.0056268745,Other
GSM4659871,-0.70326453,-1.5895122,-2.604058,-2.3926406,-1.3699731,-2.622173,-1.5040089,Other
GSM4659872,0.56253254,-0.43034145,-1.5467484,-0.8551467,-0.03462238,-0.6784224,-0.1936501,Other
GSM4659873,-0.10272381,-0.21433601,-0.26100984,0.1490125,1.2622744,0.5658122,1.2240286,Other
GSM4659874,-0.40540513,-1.6679566,-2.499019,-1.5733229,-1.469885,-2.306936,-1.8634554,Other
GSM4659875,0.52837795,0.35365197,-0.41129896,-0.124982156,0.012322685,-0.026860498,0.6105947,Other
GSM4659876,0.6473679,-0.557664,-0.6001476,-0.6903243,-1.3123084,-0.6823434,-0.38151863,Other
GSM4659877,-0.41812035,-1.2302722,-2.0008657,-1.4944824,-2.006466,-2.145778,-1.712807,Other
GSM4659878,-0.24003275,0.37124205,-1.0590968,-0.40140703,0.49632353,-0.10790252,0.7387002,Other
GSM4659879,-0.5157821,0.10726049,-0.3962453,-0.056631934,1.0589576,0.30272526,0.51985365,Other
GSM4659880,-0.41057488,-1.494761,-2.3307438,-1.9150305,-1.0421629,-1.8939073,-1.5879465,Other
GSM4659881,0.4682821,0.10678851,-0.87397623,-0.20707542,0.49026996,-0.3797802,0.42813754,Other
GSM4659882,-0.66756976,0.8400333,-0.18378194,0.21353386,1.0429046,0.4648918,1.0683496,Other
GSM4659883,-0.40481824,-0.8306372,-2.0582018,-1.5507406,-1.2257316,-1.9020853,-1.22313,Other
GSM4659884,0.48998198,0.31542045,-0.17276965,-0.08616794,0.15458617,0.19936012,0.54084295,Other
GSM4659885,-0.24013703,1.0313381,-1.0495448,0.45844743,0.9970353,-0.5018681,1.1544205,Other
GSM4659886,-0.35866123,-1.2369862,-1.9469,-1.1024787,-1.2088351,-1.9727595,-1.172179,Other
GSM4659887,0.78761685,-0.252254,-1.4322101,-0.75372,0.06791343,-0.86978346,0.14615764,Other
GSM4659888,-0.25108266,-1.435484,-2.3087327,-1.745534,-1.0976776,-1.8791802,-1.3184444,Other
GSM4659889,-0.1873961,-0.02240277,-0.12045845,0.009346269,0.28044206,0.49594042,0.42726374,Other
GSM4659890,-0.001954401,-0.47439912,-0.5502419,-0.26202425,0.14333817,0.381983,0.69667405,Other
GSM4659891,-0.5523869,-2.1979837,-2.8836682,-1.7119298,-2.1702542,-2.6333842,-1.6791465,Other
GSM4659892,0.31534627,0.84941965,-0.39050305,0.036362518,0.885835,0.8047361,0.75636566,Other
GSM4659893,-0.32256347,0.8476846,-0.7945833,0.36829922,1.526377,0.45207015,1.248635,Other
GSM4659894,-0.6416164,-1.1723802,-2.1360312,-1.842937,-1.4166365,-1.8998649,-1.386028,Other
GSM4659895,1.0500952,-0.41253215,-0.8800825,-0.3178292,0.26553792,-0.31960654,0.19837515,Other
GSM4659896,0.986599,-0.646622,-0.36215308,0.068557195,0.2813811,-0.07468512,0.16168544,Other
GSM4659897,-0.19540763,-1.5253657,-2.004827,-1.205742,-1.0468615,-1.8931115,-1.5558954,Other
GSM4659898,0.4995269,0.22749609,-0.8020502,-0.4759021,0.14394732,-0.2222245,0.73707664,Other
GSM4659902,0.68054736,0.35077938,-0.40713352,0.15860377,0.84051836,-0.16320378,0.93604225,Other
GSM4659903,0.7919924,-0.8215212,-0.7930087,-0.1544621,0.12170662,-0.5428723,0.12359654,Other
GSM4659904,-0.21169761,-1.4405975,-2.2260387,-1.3551708,-0.917338,-2.0804095,-0.8247234,Other
GSM4659905,0.7807047,0.8638497,-0.0507235,0.053064216,1.0877646,0.4477426,1.4739758,Other
GSM4659906,0.2735329,0.5493996,-0.37514517,0.045910344,0.45204148,0.5167829,1.2856058,Other
GSM4659907,-0.32679096,-1.1117461,-1.7802868,-1.4047173,-1.5074699,-1.8596771,-1.1716607,Other
GSM4659908,0.5917585,0.18207468,-0.0516413,-0.31811926,0.4272151,0.422122,0.75108135,Other
GSM4659909,-0.3293727,-1.3051987,-1.8332877,-2.0777845,-1.10295,-1.5282959,-1.1397892,Other
GSM4659910,0.80306447,0.20340477,-0.8150911,-0.23169263,0.4055152,-0.25455242,0.5483324,Other
GSM4659911,0.8110948,-0.5686535,-0.4472405,-0.42192307,-0.056925733,-0.28131652,0.18915932,Other
GSM4659912,-0.11614346,-0.9956906,-1.529932,-1.5573264,-1.101115,-1.4614637,-1.1700628,Other
GSM4659913,-0.22318345,-1.4355539,-1.9278502,-1.337945,-1.2001888,-1.7169292,-1.174339,Other
GSM4659914,0.086272486,0.5532643,-0.7938724,-0.24642493,0.042211317,-0.1736221,0.35211858,Other
GSM4659915,0.19596909,0.00666371,-0.43868294,-0.6818635,-0.4194309,0.20448032,0.02595778,Other
GSM4659916,-0.23923211,-0.5211518,-1.4248548,-1.3100117,-1.1943889,-1.7544118,-1.1287104,Other
GSM4659917,0.52661574,1.1257031,-0.61244476,0.35517946,0.45043072,0.229432,0.9961142,Other
GSM4659918,0.08818481,0.25423753,0.040356364,-0.13123013,0.47072726,0.20364183,0.40404245,Other
GSM4659919,0.0084996335,-1.2281588,-1.1973276,-1.2104609,-0.69781005,-1.6812551,-1.3023834,Other
GSM4659920,0.7802093,0.2833522,-0.402832,-0.109316684,0.4348792,-0.40306658,0.736658,Other
GSM4659921,0.14522925,0.39489594,-0.24502937,-0.1128844,-0.57745105,0.86308795,0.37551636,Other
GSM4659922,0.05490055,-1.0882071,-1.4841496,-1.4874977,-1.3177718,-1.849362,-1.3730215,Other
GSM4659923,1.0038416,-0.34924975,-1.1019317,-0.9131772,-0.048524205,-0.13920975,0.20779768,Other
GSM4659924,0.99437195,-1.5115489,-0.9600954,-1.170314,-0.04827046,-0.29102683,-0.13591753,Other
GSM4659925,-0.17534417,-2.0762672,-1.8997217,-1.7870151,-1.5263059,-2.2496307,-1.9666128,Other
GSM4659926,-0.23133388,0.72347224,-1.0830165,0.5455246,0.11088817,0.090487495,0.14051552,Other
GSM4659927,-0.5278084,0.76431614,-0.7073319,0.0053387186,0.64238644,0.6027812,0.9926351,Other
GSM4659931,-0.8721119,0.06314689,0.16317202,-0.10794407,2.0356615,-0.14621246,1.7722566,Other
GSM4659932,-0.6478348,-0.708904,-1.1928576,-1.995556,0.66411,-1.3935552,0.04966265,Other
GSM4659933,0.32948917,0.5813916,-0.6141228,0.036231622,1.2165104,-0.21510158,1.2296685,Other
GSM4659934,-0.07871847,1.1718755,-0.03216776,0.41303065,1.2129662,0.34108585,1.7745603,Other
GSM4659935,-0.055516917,-1.323462,-2.0369308,-1.4184698,-1.6121571,-1.7978532,-1.4583312,Other
GSM4659936,0.4598796,0.51450306,-0.6168989,-1.0927118,-0.2662503,-0.34188592,0.49697393,Other
GSM4659937,0.095719345,0.2849093,0.35581657,-1.0074933,0.17597292,0.8395039,0.5194436,Other
GSM4659938,-0.6196415,-1.2187527,-1.8140591,-2.2509685,-0.5423311,-2.0724285,-0.66998786,Other
GSM4659939,-0.40274262,1.1780136,-0.6908142,0.9466431,1.0075891,-0.13619544,1.4215258,Other
GSM4659940,0.17591129,0.44005978,-0.70924413,-0.2142102,0.15273415,0.12101124,0.66689223,Other
GSM4659941,-0.055595078,-1.5459164,-1.7551445,-1.4973737,-1.6529491,-2.1599588,-0.6000516,Other
GSM4659942,-1.4010112,-0.2647348,1.0491611,0.051425535,-0.17184992,0.39653736,-0.25567475,Other
GSM4659943,-0.18654492,-0.8568022,-2.2324436,-1.4981116,-1.0616848,-1.8727995,-1.2651746,Other
GSM4659944,0.6884018,0.55529654,-1.5596039,-0.21798559,-0.11644473,-0.44736165,0.61663866,Other
GSM4659945,-0.76018184,0.25747487,-0.6218501,-0.7855954,1.0750463,-0.19694719,0.5515496,Other
GSM4659946,-0.24059212,-1.2385318,-2.2741497,-1.5564013,-1.5515491,-1.8179064,-1.5305059,Other
GSM4659947,0.55794466,0.8996309,-0.45074606,-0.08847881,0.34670055,0.3370346,1.1794827,Other
GSM4659948,0.05257505,0.88009983,-0.3369444,-0.09164699,-0.09293729,0.14197032,0.91042787,Other
GSM4659949,-0.119219154,-1.0763295,-1.9594789,-1.3449658,-1.3606529,-1.756038,-1.2121642,Other
GSM4659950,-0.06533771,0.121320225,0.28908107,-0.50128573,0.5471757,0.01909697,0.586891,Other
GSM4659952,-0.15665469,-0.82069075,-1.5779834,-1.1823419,-1.081791,-1.6534866,-1.2177774,Other
GSM4659953,-1.054339,0.64437604,-1.1806108,-0.33783898,1.9461067,-0.65140784,1.4144127,Other
GSM4659954,0.7715625,0.26111457,-1.3839369,-0.97830147,-0.39730746,0.23083493,0.39589044,Other
GSM4659956,-0.3775987,-1.5493081,-1.4922152,-1.9471426,0.2710857,-2.2513132,-0.6952752,Other
GSM4659957,0.27938566,0.39466143,-1.7131644,-0.9997116,0.5954745,-0.14774643,0.7996803,Other
GSM4659958,-0.37487632,-1.1782895,-1.9732709,-2.4319322,-1.0106105,-2.2672217,-1.6937907,Other
GSM4659959,0.8460741,0.024267333,-0.90168124,-0.8027149,-1.0320022,0.113228984,-0.05174895,Other
GSM4659961,-0.36361614,-1.2084287,-1.5746021,-1.6299855,-1.8013757,-1.9136825,-1.660539,Other
GSM4659962,0.62413156,0.11594598,-0.27627587,-0.08066775,0.5677093,0.124578394,0.25632855,Control
GSM4659963,-0.70323956,-0.90222603,-1.5397519,-1.6686349,-0.54701066,-1.4232445,-0.8325605,Control
GSM4659964,0.38580507,0.53720206,-0.773751,-0.5682826,0.67742074,-0.13364841,0.7544828,Control
GSM4659965,-0.6171416,-0.64314103,-1.1371291,-1.0955433,1.9088119,-0.7938157,0.019647453,Control
GSM4659966,0.8818294,-0.05858772,-0.74631053,-0.9788337,-0.80224514,-0.9010373,-0.17275187,Control
GSM4659967,0.6108816,0.27921632,-0.6602022,-0.46576133,-0.24585465,-0.25569785,0.28505284,Control
GSM4659968,0.9801331,-0.48121396,-1.3478191,-0.1863959,-0.19369374,-0.504662,-0.100057945,Control
GSM4659969,0.94593436,0.014941639,-1.176433,0.3827852,0.3645826,-0.16440648,0.38046837,Control
GSM4659970,-0.1689466,-1.4343671,-1.9502157,-1.2960972,-1.2931402,-1.6603335,-1.5108246,Control
GSM4659971,0.82320297,0.11656106,-0.6987703,-0.12729679,0.6677586,0.022894688,0.8281166,Control
GSM4659972,-0.09248133,-1.132542,-1.7594452,-1.1385219,-1.323064,-1.5930188,-1.0766159,Control
GSM4659973,0.7639817,0.2290686,-0.83575785,-1.6737379,-0.3452248,-0.0428561,0.8495105,Control
GSM4659974,0.4668015,0.44904616,-0.50832,-0.5383844,-0.25101942,0.65082633,0.40369993,Control
GSM4659975,-0.44983184,-1.2469397,-1.8505156,-2.3139918,-1.3359315,-1.3263255,-0.86915725,Control
GSM4659976,1.0809636,-0.93528295,-1.2826505,-0.5694055,-0.48035318,-0.75401276,-0.08367432,Control
GSM4659977,1.1703348,-1.8404133,-0.9713733,-0.55436295,-0.59723145,-1.1250188,-0.030199954,Control
GSM4659978,0.105642766,-2.4937074,-1.649558,-1.6428548,-1.8877976,-2.0895388,-1.8496971,Control
GSM4659979,0.93692625,-0.7657852,-0.40652317,-0.51504356,0.078928456,-0.43314186,-0.002962896,Control
GSM4659980,0.75737023,0.15306759,-1.0498004,-0.14444648,0.2346394,-0.033333905,0.200237,Control
GSM4659981,0.86784846,0.36719102,-0.5660913,-0.0900689,-0.122330904,0.23329385,0.8223404,Control
GSM4659983,0.8516419,0.12280941,-0.50511056,-0.41838142,0.48459688,-0.25594637,0.89445406,Control
GSM4659984,0.9886224,0.16996151,-0.7561405,-0.33340192,0.11134522,-0.3306544,0.41338506,Control
GSM4659985,-0.11726221,-0.8399078,-1.5036108,-1.3155185,-1.3372717,-1.683738,-1.1310781,Control
GSM4659987,0.83533174,-0.46565416,0.18457907,-0.45548192,-0.7557908,-0.061951738,-0.396485,ALS
GSM4659988,-0.054949217,-0.6114486,0.00044683946,-0.7972786,-0.45866328,-0.3970432,-0.87923926,ALS
GSM4659989,-0.16437696,-0.56109756,-0.82409,-1.9099331,-1.7616365,-1.1720394,-1.5951397,ALS
GSM4659991,-1.9959359,-0.8521982,-0.38535058,0.03901777,0.32337183,-0.74582607,0.957368,ALS
GSM4659993,-0.39532307,-1.637662,-1.7037162,-2.5498774,-1.705672,-2.338488,-1.8848561,ALS
GSM4659994,-0.8474034,-0.7819024,1.1609259,0.17252289,-0.4283151,0.67137104,-0.8385955,ALS
GSM4659995,-0.84048015,-0.8559767,-2.3029485,-2.1465824,-1.2774677,-2.3764572,-1.4213921,ALS
GSM4659996,0.7042415,-0.8156822,0.7759253,-0.54010314,-0.6574975,0.19821993,-0.43703002,ALS
GSM4659997,-0.8161015,0.1062224,1.016255,0.70053214,-0.871785,0.156448,-0.59278744,ALS
GSM4659998,0.8912599,0.5674121,0.515716,1.0277451,-0.8820594,0.7032225,-0.32205105,ALS
GSM4659999,-0.19414209,0.38909227,0.8039746,1.06924,-0.11542396,1.1342537,-0.022947533,ALS
GSM4660000,-1.0691477,0.81980497,0.66218925,0.9675248,-0.0667593,0.430658,-0.20238945,ALS
GSM4660001,1.1162143,0.18732123,0.4387604,0.41180512,0.15705243,0.36090797,-0.1041884,ALS
GSM4660002,0.88050956,-0.23351641,0.07913051,0.10238501,-0.24536686,-0.057264917,-0.40317398,ALS
GSM4660003,-0.48928085,0.7103946,0.79770875,1.248691,-0.44952446,0.35125384,-0.44591254,ALS
GSM4660004,-0.041861296,0.78228515,0.6787576,1.0004101,-0.111962974,0.5957533,-0.21824816,ALS
GSM4660005,0.09024213,0.16903485,0.3085767,-0.9012976,0.90857047,0.9323423,-0.19688727,Control
GSM4660006,-0.8211644,-0.034587514,1.2787328,-0.41726243,1.3839207,1.1176074,-0.40579373,Control
GSM4660007,-0.19943905,0.72856313,0.8018682,1.2030569,0.71778053,0.5969787,0.4858798,ALS
GSM4660008,0.10739814,0.55733097,0.46898046,0.9264831,0.77832216,0.65606964,0.5334353,ALS
GSM4660009,0.1067153,-0.32636234,-1.5168984,-0.49634624,-0.3964978,-1.6122292,-0.7169017,ALS
GSM4660010,0.4004478,0.16579756,-0.083050184,-0.43619242,0.25536567,0.4378264,-0.0142110335,Control
GSM4660011,0.42502993,0.17041956,0.6315532,-0.4809903,-0.2921756,0.79273087,-0.30271932,Control
GSM4660012,0.89568615,0.13114287,-0.020141853,-0.34831467,-0.40726557,0.046201736,0.015506306,ALS
GSM4660013,1.0890987,0.115304306,-0.026620422,-0.2353562,-0.38852313,0.06280787,-0.04570623,ALS
GSM4660014,-0.4107006,0.9657591,1.0992199,1.1094772,-0.7839884,1.0053693,-0.008685155,ALS
GSM4660015,-1.3732272,0.7408207,0.83194315,1.17636,-0.55111265,0.7801811,0.26944992,ALS
GSM4660016,1.1787877,-0.0669348,0.74975324,-0.0015672246,-0.5251769,0.58998847,-0.24425189,ALS
GSM4660017,1.2110354,-0.1578948,0.49792168,-0.44332948,-0.7017367,0.25186652,-0.3452436,ALS
GSM4660018,-0.09475144,0.41733134,1.2987845,0.6761243,-0.34230602,1.4539726,-0.16174594,ALS
GSM4660019,-0.6089611,0.27071145,1.3502518,1.1727868,0.10205157,0.41873753,-0.2482256,Control
GSM4660020,0.6560443,-0.10530216,0.034496307,-0.49789795,0.22965705,0.15900455,-0.33641312,ALS
GSM4660021,0.8160007,-0.47337982,-1.016956,-1.2584039,-0.062829025,-0.48182413,-0.56998414,ALS
GSM4660022,-1.6984621,0.42737406,1.0055035,0.9787949,0.020259148,0.9101484,-0.16376655,ALS
GSM4660023,-0.77533865,0.6560196,0.6962158,0.64592534,-0.046847295,0.75145024,-0.3779786,ALS
GSM4660024,-0.8478677,0.7443115,-0.6815318,0.117980056,1.2947364,-1.3044947,0.17966476,Control
GSM4660025,-0.68361175,0.96711826,-0.843242,0.35978863,1.0995586,-0.70721734,0.37546307,Control
GSM4660026,-0.17790946,-0.27273616,-0.06326278,-0.9730902,1.4995548,0.6249167,0.54007137,ALS
GSM4660027,-0.32583088,-0.09463131,0.21638384,-1.1821522,1.3853285,0.8346665,0.5577712,ALS
GSM4660028,-1.9293044,0.3178477,0.99983025,0.62349755,0.40237236,0.46322393,0.21630637,ALS
GSM4660029,-1.4481361,0.7104593,0.79910225,1.0699695,0.17324606,0.7307143,0.12747057,ALS
GSM4660030,-1.1786532,1.4773313,0.94210786,1.3894526,1.9285285,1.4031774,1.5016458,ALS
GSM4660031,0.94756746,-0.2316053,-0.44307694,0.13317515,-0.073650464,-0.618117,0.03620759,ALS
GSM4660032,1.0267254,-0.6431228,-0.18060675,0.2565826,0.039497327,-0.53114706,0.007353054,ALS
GSM4660033,0.09762886,0.63750875,1.0165489,1.613009,0.6968235,0.6461442,0.11122368,ALS
GSM4660034,-0.7709574,0.7564161,0.9773905,1.4952425,-0.79873127,1.251934,-0.19416094,ALS
GSM4660035,-0.20879675,-1.3899455,0.7992906,-0.882386,-0.18548758,-0.16115394,-0.42128995,ALS
GSM4660036,-1.5653399,0.4411971,-0.10526807,0.71381503,0.42023745,0.2507426,0.029075803,ALS
GSM4660037,-0.29223216,0.22426306,-0.19231495,-1.0085288,1.0979869,0.0989058,0.47723213,ALS
GSM4660038,-0.8281872,0.8451017,1.0248727,0.9407153,0.62087476,0.62828076,0.5350181,ALS
GSM4660039,0.28970417,0.43029425,-0.9145904,0.19854666,0.5670486,0.34892303,-0.011135297,ALS
GSM4660040,1.1435372,0.5344238,-0.48579565,0.31831852,0.46823174,0.037999175,0.6786359,ALS
GSM4660041,0.8634621,-0.501539,0.2565276,0.047848303,-0.039967604,0.29430574,0.25301114,ALS
GSM4660042,-1.2353991,0.19756445,1.0500928,1.1546915,0.65373063,0.5604087,0.38691473,ALS
GSM4660043,-0.9133489,0.47965315,1.0217427,1.0319933,1.1744639,0.9064664,1.1483088,ALS
GSM4660044,0.9279624,-0.19626641,0.09790294,-0.28094265,-0.17620593,0.5360614,-0.084826574,ALS
GSM4660045,1.06016,0.40040004,0.43697774,0.5811891,0.47992688,0.5295786,0.6557515,ALS
GSM4660046,1.162804,0.2581386,0.8698683,0.5708667,0.27196696,0.7023033,0.46166536,ALS
GSM4660047,-0.7571618,1.1415137,1.0659044,1.5915388,0.80338156,1.1808918,0.91773933,ALS
GSM4660048,-0.34946737,0.9939852,0.94609493,1.3897077,1.1076479,0.9234205,1.0745971,ALS
GSM4660049,0.91386026,0.3484616,0.9043093,0.6856074,-0.04444341,0.98003656,0.16559455,ALS
GSM4660050,0.65236497,0.38949692,0.8611066,0.37470555,0.19606048,0.5341777,0.45000783,ALS
GSM4660051,1.0145246,0.4504013,-0.5879419,0.12403057,-0.1855728,-0.10561314,0.1662629,ALS
GSM4660052,-0.77027005,1.2149389,1.1262709,1.4852324,0.867463,0.7756108,1.2171402,ALS
GSM4660053,-1.0575434,0.79758775,1.0349048,1.3363171,1.020047,0.6135485,1.1249377,ALS
GSM4660054,1.0267484,0.5278936,0.11947674,0.4753983,0.53941655,-0.18953413,0.76020056,ALS
GSM4660055,1.0881559,0.5889191,0.20926219,0.499354,0.6450306,-0.19300531,0.84976625,ALS
GSM4660056,-0.31800598,0.96538717,1.0829777,1.2682915,0.9706111,0.46852285,1.0950145,ALS
GSM4660057,-0.24653271,0.7334964,0.7552795,1.0359416,0.9099949,0.18230565,1.031062,ALS
GSM4660058,0.7166365,0.7591532,0.21761465,0.864742,1.088168,0.2446254,1.173757,ALS
GSM4660059,-0.74222004,0.35,0.7120764,0.496381,0.83260393,0.28817898,0.7880327,ALS
GSM4660060,-0.6950741,0.46373054,0.6682096,0.8954653,1.7674919,0.76842225,1.4671792,ALS
GSM4660061,0.91362023,0.30007794,0.4026035,-0.43584323,0.47983605,0.5256721,0.43573448,ALS
GSM4660062,0.99691904,0.35304955,0.16121939,-1.463694,0.16661967,0.49329495,0.46124598,ALS
GSM4660063,-0.4449028,0.9140194,0.9492001,-0.26421216,0.74776816,0.6885494,0.6048783,ALS
GSM4660064,-0.17477603,0.98241884,0.8700797,-0.22478087,0.32016724,0.8102929,0.30126983,ALS
GSM4660065,1.1467433,0.6886553,-0.01534661,0.68960595,1.1029367,0.42424506,1.2380382,ALS
GSM4660066,1.077604,0.72357243,0.8766286,0.87696457,0.76210004,0.78926843,0.7327483,ALS
GSM4660067,-0.37971234,1.2310268,1.1249572,1.2489504,0.9666851,0.84476894,0.9965302,ALS
GSM4660068,-0.2175258,1.3461187,1.0865698,1.3638917,1.3011272,0.99099624,1.2558721,ALS
GSM4660069,0.78433144,0.6878121,0.65624523,0.8173537,0.63156354,0.8110634,0.62062734,ALS
GSM4660070,0.6768787,0.05595152,-0.30206925,-0.10730297,0.45929655,-0.17436838,0.38843855,ALS
GSM4660071,0.4722129,-0.06739451,-0.19711846,-0.5115724,0.23186807,-0.12349932,0.27172378,ALS
GSM4660072,-1.16381,0.6512883,0.86798567,0.9419592,1.1855553,0.2655161,0.65189695,ALS
GSM4660073,-1.0168037,0.80436707,0.8512953,0.876811,1.5727445,0.6741972,0.7091112,ALS
GSM4660074,0.12229478,0.046176374,-0.008568461,0.041455332,0.512366,0.54335964,0.38445505,ALS
GSM4660075,1.0890195,0.5471747,0.27200627,0.57834566,0.7924955,0.14729753,0.77235174,ALS
GSM4660076,1.0208529,0.4488694,0.14617078,0.43882355,0.43585476,0.14972565,0.3256331,ALS
GSM4660077,-0.56292534,1.0000281,1.2353314,1.6109091,0.7119659,0.077685654,0.5477573,ALS
GSM4660078,-0.5918792,0.84162176,1.0231787,1.5622085,0.74851316,-0.17185894,0.43827242,ALS
GSM4660079,0.70515573,0.27447695,1.0030708,0.843479,0.6371864,0.54551274,0.238839,ALS
GSM4660085,1.045059,0.23693208,-0.52797955,0.14379193,0.6186988,-0.1679349,0.8780828,ALS
GSM4660086,0.7262668,-0.30535653,0.3269167,-0.3902422,0.04215866,0.021821914,0.36031818,ALS
GSM4660087,-0.5374253,0.7120114,0.9186246,0.6392031,0.60461754,0.24407466,0.644043,ALS
GSM4660088,-0.8054,0.07488496,0.46974882,0.3967011,1.0599264,0.3257224,0.85368454,ALS
GSM4660089,0.5025331,-0.15708052,0.25501978,0.040614486,0.4501838,0.78998065,0.38001487,ALS
GSM4660090,0.91622424,0.21928902,-0.49542326,0.47270712,0.68661636,-0.28083327,0.856283,ALS
GSM4660091,0.9061877,0.44450274,0.6638528,0.63819486,0.71472806,0.30438334,0.6865177,ALS
GSM4660092,-0.9492876,0.9108412,1.0661418,1.3886534,0.85865116,0.7289977,0.3871817,ALS
GSM4660093,-0.6587402,0.7422539,1.1108117,1.3844925,1.0931035,0.6971565,0.5025173,ALS
GSM4660094,0.511296,0.59430224,0.7352473,0.8859642,0.74400914,0.6206515,0.5268402,ALS
GSM4660095,0.93026596,0.25453857,0.9119873,-0.09724911,0.3503773,0.7220121,0.69424105,ALS
GSM4660096,1.0207515,0.53533596,-0.32189333,-0.2129795,0.08026302,0.25399017,0.28244776,ALS
GSM4660097,-0.63327545,1.0002257,1.1163174,1.3382071,1.0317731,0.99643064,1.0058234,ALS
GSM4660098,-0.6835219,0.7815458,0.9063082,1.1042093,0.95032203,0.7103963,0.99150467,ALS
GSM4660099,0.77003574,0.22283158,0.97874475,0.06398795,0.43403006,0.91584736,0.39459938,ALS
GSM4660100,1.0032531,0.18105377,-1.1370343,0.535721,0.6665027,0.29882187,0.7238329,ALS
GSM4660101,1.0281715,-0.57838607,0.15500331,-0.2780237,-0.26782092,0.28281337,0.002780148,ALS
GSM4660102,0.95114404,0.007918746,0.7773489,0.18296337,-0.29662147,0.7973167,0.15024328,ALS
GSM4660103,-0.7711296,-0.043584585,0.76155263,0.37141073,0.4892087,0.30283323,0.35420224,ALS
GSM4660104,0.86412066,-0.07485898,0.3831205,0.14836557,0.16671535,0.24361436,-0.00034188372,ALS
GSM4660105,-0.8292965,0.3962313,0.6009015,0.7894204,0.4878828,0.37053138,0.36015186,ALS
GSM4660106,-0.82263535,0.28650135,0.53200305,0.83201766,0.7571985,0.5634646,0.5518865,ALS
GSM4660107,0.4165287,-0.8240748,-0.2265671,-0.84715843,-0.2328556,-0.018124029,-0.27630246,ALS
GSM4660108,-0.7289761,-0.48309085,0.012493515,-0.27190605,0.68821764,0.22896841,-0.005929816,ALS
GSM4660109,-1.4184016,-0.28495207,0.25244093,0.39807543,0.6587922,0.68888795,0.30257487,ALS
GSM4660110,-1.3185723,-0.05053157,0.20829026,0.41758266,1.3804076,0.7125483,0.930054,ALS
GSM4660111,0.75273615,-0.4115593,0.119353734,-0.23271902,-0.13681403,-0.18241154,0.051541634,ALS
GSM4660112,0.5682063,-0.35917747,0.20980114,-0.0029952414,-0.06523494,-0.24528581,0.014662279,ALS
GSM4660113,-0.7748252,0.6547407,0.765881,1.0983759,0.996719,0.89666545,0.72566766,ALS
GSM4660114,-0.7996212,0.4315848,0.6655171,1.0281665,1.0758679,0.45538047,0.80211765,ALS
GSM4660115,0.79006255,-0.13132595,0.34886435,-0.12608616,0.107919894,0.23849006,0.529699,ALS
GSM4660116,0.9844025,-0.18279368,0.47752237,0.17165798,0.13415763,0.23746035,0.34027022,ALS
GSM4660117,-0.48483256,0.42976913,0.92116845,0.9331935,0.38925207,0.7530631,0.51675487,ALS
GSM4660118,-0.37753922,0.21790643,0.7826308,0.9525779,0.8842953,0.8413823,0.99316657,ALS
GSM4660119,-1.1236959,0.49323198,0.7304623,0.65608454,0.76208174,0.47037396,0.99209535,ALS
GSM4660120,-0.66432256,0.37227735,0.85066915,0.83105165,0.8288196,0.54622144,0.89430565,ALS
GSM4660121,0.7694319,0.3432615,0.23351604,0.66445893,0.52770483,-0.10548463,0.5648036,ALS
GSM4660122,-1.0724216,0.4090188,0.3157677,0.97240925,0.6804863,0.4565474,0.6224627,ALS
GSM4660123,0.71942407,0.001815254,0.70320415,0.41910362,-0.20279849,0.4832375,0.19994365,ALS
GSM4660124,-0.73547995,0.7214056,0.78368205,1.1709498,0.27697834,1.0074053,0.515909,ALS
GSM4660125,-0.47729915,0.7518125,0.78091,1.1344593,0.46486148,0.98417205,0.67599976,ALS
GSM4660126,0.8174598,-0.31645882,-0.085567825,-0.66045415,-0.3120771,0.04697994,-0.079783365,ALS
GSM4660127,-0.9711181,0.28753453,1.0967323,0.58427125,0.61886895,0.7736646,0.448732,ALS
GSM4660128,-1.3257372,0.29328412,0.8702417,0.53448385,0.652058,0.5589611,0.5909015,ALS
GSM4660129,0.5648015,0.03162335,0.9246063,0.38767973,0.3524097,0.35883114,0.2146555,ALS
GSM4660130,-1.0070696,0.6973312,0.75611806,1.154384,0.9098503,0.8371997,0.69962037,ALS
GSM4660131,-0.8759191,0.63487494,0.62954634,0.96599156,1.0149943,0.93880045,0.91052234,ALS
GSM4660132,0.47199672,-0.23745199,-0.43182722,-0.14756072,-0.14731976,-0.8348408,-0.013363906,ALS
GSM4660133,-1.1048021,0.01631605,-0.27811158,0.8026507,0.45865092,0.21071847,0.34537527,ALS
GSM4660134,-0.46973762,0.3111,-0.3633081,1.1542075,0.9760335,0.9783006,0.5376521,ALS
GSM4660135,0.576416,0.012096363,-0.14013027,0.27011892,0.0085547445,-0.59766275,0.32717487,ALS
GSM4660136,0.16014017,-0.34405163,0.4688331,0.34463048,-0.4192041,-0.33975738,-0.33682588,ALS
GSM4660137,-0.79185104,0.52238923,0.5659673,0.93747,0.16449109,0.36009252,0.37940916,ALS
GSM4660138,-0.6020292,0.48322794,0.51372886,0.8586752,-0.032627285,0.2017963,0.27123016,ALS
GSM4660139,0.52145296,0.23566714,-0.12847729,0.48494187,-0.3717144,-0.13925602,-0.17056386,ALS
GSM4660140,0.4276837,-0.056526184,-0.09594604,-0.3537993,0.10391633,-0.2775274,0.20612618,ALS
GSM4660141,0.36187842,-0.51154304,0.2955966,-0.5789054,0.028532699,-0.17768118,-0.12511122,ALS
GSM4660142,-0.3512203,0.04709886,0.40078875,0.3745598,0.8723403,0.10252428,0.61881953,ALS
GSM4660143,0.46417138,-0.24185199,-1.4553983,-0.16581832,0.036930155,-0.92539203,0.2576428,ALS
GSM4660144,0.64500886,-0.11434683,-0.005636601,-0.119773425,0.04263931,-0.36164466,0.13087423,ALS
GSM4660145,-0.7092513,0.1336458,0.807047,0.31356126,0.22359435,-0.044963047,0.18355396,ALS
GSM4660146,-0.66979116,0.5261205,0.8204351,0.48791635,0.67832327,0.035954338,0.8216028,ALS
GSM4660147,0.41888863,0.2355772,-0.22479378,0.10429142,0.14037801,-0.11751795,0.36383435,ALS
GSM4660148,0.6644325,0.092441104,-0.2504222,0.17537723,0.08885548,-0.48936,0.29601386,ALS
GSM4660149,0.5983871,0.12136617,-0.65865046,-0.14767386,0.21470852,-0.6095939,0.3638784,ALS
GSM4660150,-0.5264444,1.1019257,1.1190965,1.0933734,0.31561568,0.29155272,0.21219203,ALS
GSM4660151,-0.46645558,1.1215405,0.9657721,1.2893299,1.0317757,0.36908048,0.98406655,ALS
GSM4660152,0.48608297,0.33946148,0.6212497,0.34186396,-0.23901384,0.11166361,-0.22371988,ALS
GSM4660153,0.53901505,-0.6961573,-0.3010226,-0.34244394,-0.7907609,-0.6333816,-0.46150425,ALS
GSM4660154,1.0251322,0.36362603,0.9932924,0.7377352,0.14652827,0.5676446,0.3201572,ALS
GSM4660155,-0.929414,0.2728722,0.81533223,1.039741,-0.18810153,0.42652848,-0.0030063305,ALS
GSM4660156,-0.49926618,0.26195404,0.91372395,1.1063747,0.63616556,0.746861,0.7773282,ALS
GSM4660157,0.5900057,-0.19355102,0.5555367,0.19981776,-0.5456325,0.2631082,-0.34942707,ALS
GSM4660158,0.6274335,-0.58506507,-0.46928114,-0.45006442,-0.40610966,-0.5764669,-0.062449284,ALS
GSM4660159,0.65162736,-0.42319918,-0.8298762,-0.39105585,-0.28383416,-0.22093756,-0.050271936,ALS
GSM4660160,-0.7849049,0.98864114,1.1732173,1.4689317,1.1116433,0.9296568,0.73632014,ALS
GSM4660161,-0.92709005,0.01823376,0.6427956,0.7532177,-0.05336489,-0.029986817,-0.10549487,ALS
GSM4660162,0.29132128,-0.2609129,0.7327478,-0.08520168,-0.015150668,0.5589429,-0.11820976,ALS
GSM4660163,0.8406827,-0.03679256,-1.3426692,0.017857691,-0.016655277,-0.3775301,-0.013687619,ALS
GSM4660164,0.46233413,0.2589257,-1.3456079,-0.25005797,0.11131756,-0.4607776,0.41163525,ALS
GSM4660165,0.9095079,-0.37073195,0.21794887,-0.3318719,-0.4993473,-0.040387437,0.044645492,ALS
GSM4660166,0.20193687,-0.1407632,0.28577483,-0.043415666,-1.0741432,0.08774141,-0.454503,ALS
GSM4660167,0.7513428,0.11352182,0.5996453,0.31030855,0.4243049,0.3676564,0.4710299,ALS
GSM4660168,0.5855881,-0.1735995,0.11375204,-0.11275971,-0.37070638,-0.38442427,-0.4755495,ALS
GSM4660169,-0.7577862,0.81378675,0.6837478,1.0958587,0.168125,0.46458,0.016842322,ALS
GSM4660170,-0.2727746,0.6760068,0.61999506,0.8869231,0.43923634,0.33106813,0.34809473,ALS
GSM4660171,0.90033764,0.7810236,1.0076976,0.81225675,0.32982388,0.889681,0.20770814,ALS
GSM4660172,0.71481377,-0.3933034,0.05057517,-0.38063025,-0.533919,-0.34209374,-0.16262743,ALS
GSM4660173,0.73450464,0.24749818,0.6351333,0.35880396,-0.1790671,0.20908108,0.10966353,ALS
GSM4660174,0.48387712,-1.5132927,-0.47767735,-0.6509761,-0.13054714,-0.83804494,0.14857148,Control
GSM4660176,0.38362163,-1.090124,-0.2451633,-0.9640126,-1.0779672,-0.61859643,-0.6764687,Control
GSM4660177,0.31622553,-1.1029382,-0.3475694,-1.3930999,-0.7073917,-0.7427217,-0.7313503,Control
GSM4660178,0.28309652,-0.13905708,-0.00070282404,-0.42368254,-0.45345688,-0.663071,-0.30107746,Control
GSM4660179,0.60717666,-0.57755023,0.41468775,-0.433897,-0.6813978,-0.2201828,-0.2750823,Control
GSM4660180,-0.72413707,-1.9144248,-1.1131215,-1.6080068,-1.1504681,-1.4076116,-1.3130978,Control
GSM4660181,-0.29672793,-0.5184975,-0.077763885,-0.34983614,-0.5519705,-0.06471461,-0.6095149,Control
GSM4660182,0.55364084,-0.4617607,0.039126955,-0.482767,-0.65609777,-0.35926378,-0.14411561,Control
GSM4660183,-0.0928753,-1.5174273,-1.6231061,-1.751112,-1.6395092,-1.0769074,-1.8714278,Control
GSM4660184,0.29000947,-0.59801596,-1.3977615,-0.8623066,-0.9394886,-0.48322108,-0.4501694,Control
GSM4660185,0.29124677,0.49137786,-0.19186091,-0.11935172,0.8983723,1.2936108,0.648665,Control
GSM4660186,0.44876343,-0.097579286,-0.17463209,-0.6413755,0.4212076,0.853053,0.41043875,Control
GSM4660187,0.35954568,-0.46398962,-0.2719175,-0.8157825,-0.3275646,0.49561006,-0.26261976,Control
GSM4660212,-0.020615611,-0.9406213,-1.2961848,-0.6160149,-0.94005954,-1.4247334,-1.5960236,Control
GSM4660213,0.86685205,-0.31869185,-0.6910073,0.042967122,-0.32400388,-0.5105809,-0.53652126,Control
GSM4660214,0.9518673,-0.7898902,-0.20549904,-0.07530195,-0.39536023,-0.6591505,-0.6376028,Control
GSM4660217,0.7889513,0.060085382,0.31761613,0.12492945,0.25103408,0.3420354,0.31877726,ALS
GSM4660218,-0.8062859,0.501007,0.5901667,0.842562,0.5423315,0.7178036,0.5062343,ALS
GSM4660219,-0.86817807,0.6482516,0.5941285,0.77470493,0.77037,0.714044,0.6964253,ALS
GSM4660220,0.7259846,-0.17528667,0.3302133,0.18509905,0.14757863,0.49958158,-0.10510039,ALS
GSM4660221,0.7441275,-0.38265494,0.06698607,-0.38837412,0.1648934,0.28641286,0.3942369,ALS
GSM4660222,0.6779828,-0.51499826,0.34055957,-0.31832266,-0.066426896,0.047905065,0.17584035,ALS
GSM4660223,-0.7582345,0.5662411,0.7919181,0.8354134,0.64246106,0.7435453,0.7095881,ALS
GSM4660224,-0.3927548,0.7619715,0.92880344,1.0289541,0.8861435,0.89555454,0.9182824,ALS
GSM4660225,0.8412187,0.027695276,0.49478096,0.16002968,0.20291607,0.63622886,0.39887264,ALS
GSM4660226,-0.69462454,0.59330034,0.96844035,1.2882328,0.6584054,0.99832964,0.6125205,ALS
GSM4660227,-0.663896,0.06632061,0.7692368,0.7972953,0.5176135,0.53770053,0.5647876,ALS
GSM4660228,0.70736295,-0.4045261,0.2140409,-0.012943529,-0.28459147,0.11570461,-0.14534453,ALS
GSM4660229,0.82458943,-0.3149496,-0.05538555,-0.34202924,-0.08695683,-0.058763824,0.20038147,ALS
GSM4660230,0.98529065,-0.6822708,0.4006923,-0.2867744,-0.053878866,0.1050252,0.1475498,ALS
GSM4660231,-0.39222214,0.5416216,1.1444947,0.94178843,0.7757389,0.939088,0.8794442,ALS
GSM4660232,-0.6696552,-0.5889328,0.4367027,0.28157234,-0.42779773,-0.18156368,-0.31616703,ALS
GSM4660233,0.89883226,0.35064736,0.74430054,0.22087407,0.24843967,0.8846208,0.3158483,ALS
GSM4660234,0.50611037,-0.5133384,0.8392846,-0.2223493,-0.285618,0.3248333,0.20838682,ALS
GSM4660235,0.8468478,-0.021559907,0.3525585,0.27012837,-0.17646755,0.17946056,0.391985,ALS
GSM4660236,-0.38838887,0.48790628,0.87235796,0.994271,0.6307723,0.7829506,0.9415598,ALS
GSM4660237,0.15743399,0.9486875,1.2154396,1.2673115,0.79736084,1.0954098,0.82023257,ALS
GSM4660238,0.75278467,-1.1599233,0.1991341,-0.6789072,-0.31829852,-0.18039922,0.1027314,ALS
GSM4660239,0.94230014,-1.1602836,-0.6700402,-0.75663906,0.0041093556,-0.4706431,-0.04288647,ALS
GSM4660240,-0.5095889,0.1622536,0.763633,0.76888037,0.4957859,0.19734718,0.64018834,ALS
GSM4660241,-0.5998083,-0.33237854,0.39771923,0.4623047,0.8989333,0.48803383,0.9746488,ALS
GSM4660242,0.99899274,0.13623855,0.6560138,0.16458254,0.3331506,0.6001128,0.42352217,ALS
GSM4660243,0.828102,0.3303226,0.18862341,0.52319604,0.6483596,-0.24784325,1.1374013,ALS
GSM4660244,0.5863338,-0.07032256,0.31064102,0.23572582,0.38449153,-0.42477027,0.7954011,ALS
GSM4660245,-2.443513,0.12499287,0.1258897,0.71247345,0.87832975,-0.6257508,1.3080901,ALS
GSM4660246,-1.873967,-0.38601685,-0.27968317,0.67179734,1.3880314,-0.8265525,1.520661,ALS
GSM4660247,0.4732401,0.32296443,0.095908366,0.557603,0.7074685,-0.10034251,0.85206884,ALS
GSM4660248,0.7679439,-0.53198785,0.14410312,-0.22770067,0.062963925,0.072665155,0.38791016,ALS
GSM4660249,0.58762014,0.68052137,0.011707598,0.55595064,1.377232,0.6433427,1.5958093,ALS
GSM4660250,-0.4864637,0.20890808,0.4648026,0.8588268,0.13987038,0.658598,0.376613,ALS
GSM4660251,-0.092990175,0.5941513,0.71330136,1.1370058,0.31854516,0.7694626,0.61106634,ALS
GSM4660252,0.6626798,0.25507477,-0.015803998,0.11057108,-0.15805593,0.4374102,0.23070195,ALS
GSM4660253,0.6682064,-0.2698274,-0.2866541,-0.13136028,-0.057519354,-0.16258946,0.4582232,ALS
GSM4660254,0.9364227,-0.06440429,0.17019062,-0.18165053,0.043598466,0.017927788,0.46425453,ALS
GSM4660255,-0.8581893,0.15163665,0.7699005,0.7381553,-0.08561074,0.39693654,0.10895299,ALS
GSM4660256,0.66889626,-0.8065019,-0.36432472,-0.32794365,-0.34394437,-0.368015,0.0906983,ALS
GSM4660257,0.68590665,-1.0387056,-0.30905274,-0.41046596,-0.46899247,-0.36096993,-0.14859226,ALS
GSM4660258,-0.46843472,0.48907483,0.8204108,1.1992722,0.6791052,0.7258654,0.86821073,ALS
GSM4660259,0.7852784,-0.8204884,0.4430255,-0.62024075,-0.32270464,-0.058905818,-0.044352323,Control
GSM4660260,0.7845049,-0.56590855,0.40340397,-0.49510148,-0.015630478,0.22845963,0.46060944,Control
GSM4660261,0.5968106,-0.75257087,0.6414171,-0.7452529,-0.451979,-0.0022647828,-0.1966219,Control
GSM4660262,0.96385247,-0.8745601,0.75918156,-0.20389025,-0.06459495,0.29974362,0.18724272,Control
GSM4660263,0.64204717,-0.98385435,-0.12052502,-0.63894266,-0.47001296,0.035572663,-0.13581274,Control
GSM4660264,0.8132281,-0.83823794,0.15931098,-0.94210964,-0.28078225,-0.114204325,-0.09271103,Control
GSM4660265,0.9522496,0.26060036,0.3924195,0.0091708,0.33670273,1.1867524,0.21983208,Control
GSM4660266,-0.043664806,-0.31804582,1.0820748,0.6970792,1.118794,0.39455333,0.80030346,Control
GSM4660267,-0.46356782,-0.45191595,0.7364532,0.9370699,0.74453324,-0.5591948,0.11209374,Control
GSM4660268,-1.5411975,-1.2728871,0.4719914,-0.24097686,1.5466621,-0.1767575,0.8503515,Control
GSM4660270,-1.428646,-0.0006431016,0.7654882,0.62957036,1.8231239,0.4244988,0.8667473,Control
GSM4660271,-1.1734293,0.20615916,0.5934545,0.6463967,1.6245525,0.39970332,0.9464723,Control
GSM4660282,0.6656414,0.2843059,-0.18285939,-0.3408247,0.22880721,0.09443848,-0.079668105,Control
GSM4660283,0.45881972,0.24643478,-0.4997455,-0.2310425,0.2802476,-0.26926255,0.054985616,Control
GSM4660284,0.66845256,-0.027793122,0.004594229,-0.4441088,-0.22169168,-0.14828739,-0.33719975,Control
GSM4660285,0.25390512,0.35909435,1.0102444,0.17422462,0.36164436,0.9234848,0.16739348,Control
GSM4660296,-0.66465354,0.6596879,-0.7186544,-0.7846375,1.2988515,-0.7949922,0.55348843,Control
GSM4660297,-0.5951534,-1.3235852,-1.8802695,-2.5155165,-0.88074493,-1.4204985,-1.3034016,Control
GSM4660298,0.81127644,-0.08108643,0.07175544,-0.050405737,0.12653127,0.21289596,0.48717636,ALS
GSM4660299,-0.8008558,0.4726036,0.75970334,0.9040151,0.17128494,0.68341124,0.58156806,ALS
GSM4660300,-0.10560852,0.08406967,0.44965315,0.6748474,0.04372754,0.4982991,0.37779945,ALS
GSM4660301,0.89850277,-0.25393713,0.23087017,-0.08451436,-0.09841577,0.63167953,0.042904343,ALS
GSM4660302,0.8562317,0.149817,0.4806569,0.034021046,0.19221918,0.3405554,0.3262177,ALS
GSM4660303,0.9937468,-0.079079986,0.38384357,-0.20522057,0.30960268,0.0864287,0.23926766,ALS
GSM4660304,-0.83544934,0.7711834,1.0004557,1.1554343,0.8368883,0.9366407,0.6520017,ALS
GSM4660305,-1.9314058,0.06496298,0.06593084,0.56327087,0.90975904,0.12174456,1.0999205,ALS
GSM4660306,-0.4215296,-0.02227075,0.552612,0.87181425,0.42894778,0.39097264,0.88104326,ALS
GSM4660307,0.3902124,0.80197614,1.3972005,0.71574265,0.2592747,1.1424515,0.61854994,ALS
GSM4660308,1.1064997,-0.44798234,-0.84011394,0.21744335,0.4908909,0.2254208,0.60814345,ALS
GSM4660309,1.0887281,-0.37370002,0.3169197,-0.12442657,-0.12475459,0.313795,0.2811592,ALS
GSM4660310,-2.0111108,1.0716617,0.9692824,1.5229154,0.30969235,0.87911314,0.9727258,ALS
GSM4660311,-0.18367513,0.28665152,0.43516538,0.921127,0.5297035,0.55461216,1.0187978,ALS
GSM4660312,0.6730019,-0.34330463,0.5703652,0.06527172,-0.072170064,0.24787405,0.06563264,ALS
GSM4660313,0.86210513,-0.33070976,0.2373072,-0.44459298,-0.08268815,0.21894827,0.27320293,ALS
GSM4660314,0.64080465,-0.083138555,0.44040105,0.5177453,0.07503054,0.3059891,0.10441368,ALS
GSM4660315,-0.18850374,0.5687668,0.99722916,1.1585457,0.8783051,1.5409392,0.7900343,ALS
GSM4660316,-0.13966532,0.8484328,0.97418,1.4038287,0.5537909,1.3753521,0.57825524,ALS
GSM4660317,0.78185207,-0.033389684,0.37772128,-0.15114027,0.049276702,0.15294586,0.07493492,ALS
GSM4660318,1.0688573,0.90741634,-0.7972141,0.9122908,1.2803292,0.43649352,1.6366212,ALS
GSM4660319,0.73035145,-0.0066114934,0.69438124,0.29604527,-0.18711339,0.21812573,0.25923172,ALS
GSM4660320,-0.119887866,1.2273862,1.1521046,1.506482,0.8183112,1.4461567,1.1696197,ALS
GSM4660321,-0.16670506,0.6147559,0.7532335,0.99475354,0.20947377,0.7330965,0.5916463,ALS
GSM4660322,0.19923636,-0.45784396,1.0906274,0.27194813,-0.48664707,0.51994854,0.08227771,ALS
GSM4660323,0.8438538,-0.4056156,0.15194324,-0.34042564,-0.23878975,0.28106493,0.2029964,ALS
GSM4660324,0.7677504,-1.0089425,0.059113827,-0.7081032,-0.40047878,-0.28302264,0.027576545,ALS
GSM4660325,-0.68992484,0.4219945,1.0492189,1.1538357,0.8016365,0.8999348,1.0596404,ALS
GSM4660326,-0.09715848,0.53763616,1.1779531,1.1913371,0.81944656,0.8971706,0.9211122,ALS
GSM4660327,0.90523684,-0.32940042,0.2924941,-0.3834404,-0.3289743,0.18391319,0.14655688,ALS
GSM4660328,0.2938865,0.6300623,-1.1321691,0.78697467,1.3584249,0.066051826,1.35703,ALS
GSM4660329,0.8642723,-0.14224796,0.50910866,-0.007725435,-0.106077015,0.16087474,0.11447931,ALS
GSM4660330,-0.38541052,0.59734523,0.9499253,1.0233282,0.3007263,0.73225373,0.6146217,ALS
GSM4660331,0.11990771,0.6378313,0.9996594,1.1020201,0.7595895,1.0344441,0.9042595,ALS
GSM4660332,0.6680907,-0.4522207,0.04541813,-0.55534345,-0.43246555,0.13069335,-0.16647713,ALS
GSM4660333,0.7715558,-0.4960886,0.099774085,-0.44937482,-0.4059426,-0.050268494,0.1118121,ALS
GSM4660334,1.07871,0.064680114,0.68369097,-0.066188954,-0.09118783,0.43256515,0.43978384,ALS
GSM4660335,-0.41404277,0.8748078,1.1213173,1.0160435,0.07492217,0.92924917,0.52080584,ALS
GSM4660336,-0.24748813,0.57730967,1.0398183,0.69308966,0.24274442,0.77175546,0.40802726,ALS
GSM4660337,0.9208477,0.044358563,0.27358863,-0.23655903,-0.19532152,0.34486318,0.39799848,ALS
GSM4660338,0.8382309,-0.13071449,-0.84045506,-0.35523793,0.1562089,-0.44473526,0.18808365,ALS
GSM4660340,-0.13564765,-0.16926923,0.9836394,0.32955346,1.0085282,0.019603975,0.5723333,Control
GSM4660341,-0.098228626,-0.06693453,1.1644653,0.72340995,1.03558,0.7776579,1.0189136,Control
GSM4660342,0.11728801,-0.48752183,0.9278127,0.09157067,0.34080327,0.2738268,0.23027349,Control
GSM4660343,-0.49405092,0.4334357,1.2249348,0.61809295,0.7747582,0.5175997,0.7674956,Control
GSM4660344,-0.43326017,0.0700941,1.1390055,0.50137705,1.0838028,0.6236607,0.91218644,Control
GSM4660345,-0.36363566,0.056247365,0.929963,0.99425983,0.8384305,0.14296725,0.6405292,Control
GSM4660346,-0.53233063,-0.17385603,0.7235452,0.7926701,1.0625241,0.07762781,0.8406716,Control
GSM4660347,0.50826997,-0.3693888,-0.096637025,0.091752075,0.6065115,-0.09641892,0.9456316,Control
GSM4660348,-0.8959774,0.12761512,0.9459025,0.75889176,1.7027029,0.56596875,1.0486553,Control
GSM4660349,-1.0615324,0.10867414,0.64496046,0.5021518,1.1040871,0.17952894,0.6142729,Control
GSM4660350,-1.597464,-0.71112037,0.84132206,0.47591734,1.22166,0.08824296,0.8093295,Control
GSM4660351,-1.0355451,-0.34491876,0.6844201,0.54743254,1.179817,0.29696545,0.68156195,Control
GSM4660352,-0.30420762,-0.67102283,-1.4353766,-1.7373732,0.5285574,0.087101296,0.24439262,Control
GSM4660356,0.5631166,-0.003259959,-0.65799737,-0.8640141,-0.6974615,-0.38428017,-0.5339944,Control
GSM4660357,0.6584418,0.51108843,-0.34113467,-0.46226665,-0.2372592,0.23339441,-0.11330747,Control
GSM4660358,0.5048565,0.21939999,-0.63495934,-0.27842087,-0.24159126,0.3257116,-0.37907138,Control
GSM4660370,-0.12335895,-0.76237637,1.3854964,-1.6193944,0.8235695,1.508225,0.21425618,Control
GSM4660371,-0.24303822,0.6571958,0.96779007,-0.7696388,0.73676264,0.27215615,0.33127314,Control
GSM4660375,-0.49059087,-1.1544101,-2.017373,-1.6413532,-1.6073653,-1.6736335,-1.5649168,Control
GSM4660376,0.7814045,0.38853663,0.08238863,-0.29200706,-0.58777666,0.33982405,-0.29873943,Control
GSM4660377,0.56445104,0.45401478,-0.34929875,-0.35835978,-0.9593644,0.19048063,-0.3306418,Control
GSM4660383,-0.53684443,1.0331438,1.0914803,0.77088195,0.83185405,0.7774179,0.6723371,ALS
GSM4660384,-0.59369576,0.56610465,0.7147968,0.35687137,0.8425535,0.45518637,0.5565419,ALS
GSM4660386,0.8869246,0.64761186,-0.591707,0.61220485,1.2443684,0.48381224,1.2814665,ALS
GSM4660387,0.8967584,-0.3494047,1.351295,0.36750114,0.33444756,0.93646175,0.556983,ALS
GSM4660388,-0.8366009,-0.063675515,0.97225165,1.0230083,0.94097966,0.6524504,0.89213794,ALS
GSM4660389,0.32498544,0.52579665,1.3988078,0.96384114,0.68685997,1.4047801,0.75569564,ALS
GSM4660390,0.87747717,0.32452562,0.804598,0.41189432,0.36316925,0.85984886,0.69295394,ALS
GSM4660391,1.0109091,0.51721936,0.3040256,0.28994942,0.4855922,0.48071453,0.59698594,ALS
GSM4660392,1.0988255,0.464776,0.5069201,0.31964558,0.6617443,0.56981486,0.76202625,ALS
GSM4660393,-0.65851045,1.11299,1.1790208,1.3691462,1.43136,0.834266,0.9672478,ALS
GSM4660394,-0.6579569,0.9511036,1.0669003,1.1355485,1.9533046,0.9945569,1.2335452,ALS
GSM4660395,0.8648052,0.58584267,0.6064148,0.57956296,0.7254412,0.8707304,0.512753,ALS
GSM4660396,1.2902088,0.6651889,0.9903005,0.7341802,0.8222167,0.8513212,1.0844225,ALS
GSM4660397,1.0182452,0.47981107,1.3765213,0.7625489,0.74026376,1.059014,0.78489214,ALS
GSM4660398,-0.5726301,1.225637,1.1828434,1.4670897,0.8623954,1.226434,0.9349451,ALS
GSM4660399,-0.4121659,1.0738835,1.0628325,1.3090302,0.875996,1.109694,0.9084462,ALS
GSM4660400,0.83161813,0.4617358,1.0414991,0.72508,0.3302496,0.855474,0.5011307,ALS
GSM4660401,1.127832,0.44974974,0.8384399,-0.18201293,0.55143523,0.7404033,0.72108305,ALS
GSM4660402,1.2887887,0.01972366,0.404119,-0.18430275,0.3976641,0.43833366,0.47941002,ALS
GSM4660403,-0.27500382,1.0361346,1.2685866,1.4641029,1.0135584,1.1311722,1.1677805,ALS
GSM4660404,-1.3933195,0.28316772,1.028441,1.2383218,0.9053122,0.51404697,0.9363631,ALS
GSM4660405,0.9375361,0.73281056,1.0550411,0.3846419,0.13945353,1.1622684,0.1983445,ALS
GSM4660406,0.033964522,0.19784103,-0.4369136,-0.25712213,1.1680127,-0.06383938,1.1093328,Control
GSM4660407,0.49568427,0.67922217,0.35057697,0.016649457,0.8880909,0.64145184,0.6729501,Control
GSM4660408,-0.84430677,0.62116945,0.9627266,0.9631753,1.2443769,0.48984578,0.59858173,Control
GSM4660409,-0.34483194,0.9994778,0.8482407,1.0695233,1.8076645,1.1257931,0.9430076,Control
GSM4660410,0.042608317,0.34387138,0.5313886,-0.11700495,0.9436598,0.9178963,0.4493552,Control
GSM4660411,0.4714414,0.468241,-1.1818748,0.57473445,1.2077482,-0.35016137,1.3543772,ALS
GSM4660412,1.121535,0.6102999,0.85096216,0.5897787,0.47061986,0.6080322,0.70602524,ALS
GSM4660413,-1.8774676,0.93215173,0.7040453,1.3699265,1.4297417,0.58293986,1.7677746,ALS
GSM4660414,0.36857843,1.0422808,1.3438563,1.5692667,0.8474404,1.161542,0.941608,ALS
GSM4660415,0.8645458,0.27769163,0.78575826,0.25388405,-0.043283906,0.5490473,0.11907302,ALS
GSM4660416,0.10114789,1.1706477,-0.74139154,1.2574152,1.8158607,0.6264976,1.9414434,ALS
GSM4660417,1.2339782,0.7797298,0.5952269,0.7911904,0.4499008,0.7499584,0.83203334,ALS
GSM4660418,-0.20726386,0.784645,1.210904,1.4946538,0.19773965,0.98887503,0.53722465,ALS
GSM4660419,0.37642643,0.58786696,1.1703805,1.0831977,0.73619986,1.0330523,0.85666406,ALS
GSM4660420,1.0287923,0.2472778,0.5840569,0.14478074,-0.29750282,0.3912204,0.43525496,ALS
GSM4660421,-1.2694731,0.36780375,1.0212364,0.30282292,0.8547136,0.5440843,0.5028392,Control
GSM4660422,0.93334943,-0.07528294,-0.7331989,0.07899116,0.61995393,-0.053412303,1.0572956,Control
GSM4660423,0.55438304,-0.86476797,-0.44656017,-0.30673692,-0.727534,-0.70883524,-0.5740689,Control
GSM4660424,0.48757935,0.059574332,0.2690233,0.34787416,0.31153896,0.70705783,0.28816035,Control
GSM4660425,-1.0845212,0.18707089,1.5180329,0.7037564,1.7659734,1.3008,0.6062786,Control
GSM4660426,-1.15761,0.30919707,1.2842419,0.6781783,1.3719928,0.73841006,0.38162392,Control
GSM4660427,0.43114057,-0.21039902,0.0037672487,-0.27265343,0.25305542,0.6297024,0.3900178,Control
GSM4660428,0.011260532,-0.8692623,0.5425378,0.031096725,1.3690068,1.1923796,-0.27816117,Control
GSM4660429,0.55689627,0.4434449,0.21393515,0.049051482,0.6514712,1.5533972,1.014464,Control
GSM4660430,-0.45175302,-0.6125507,0.47661766,-1.3326463,0.4096175,0.46776077,-0.19189262,Control
GSM4660431,0.6853169,0.13923942,0.41353354,-0.032217275,0.2412624,0.70982546,-0.039896306,Control
GSM4660432,0.7244422,-0.115773246,0.91155666,-0.22515619,0.32054105,0.99096006,0.05901542,Control
GSM4660435,0.8502333,0.3157713,0.16212256,-0.36268505,-1.0380039,0.28282994,-0.44280365,Control
GSM4660436,0.07253405,0.10660421,0.87151355,0.024377266,-0.34297484,0.8627886,-0.21696647,Control
GSM4660437,-1.2564927,0.2892284,0.45094994,1.7106553,-0.60317975,0.8035827,0.56858987,Control
GSM4660438,0.15483275,0.27467483,1.0119569,1.7903222,-0.7168052,1.5484681,-0.45645198,Control
GSM4660442,0.7248759,0.5702061,0.3052298,-1.1524056,-0.037696682,0.7322644,-0.45601273,Control
GSM4660443,0.38198963,1.2201155,0.5319836,-1.1602634,0.34507936,0.61719716,-0.111365624,Control
GSM4660451,0.86310005,0.18559872,0.48821142,0.009173307,0.2876819,0.67481816,0.33480173,ALS
GSM4660452,0.83962846,-0.59148973,0.11116818,-0.16177164,-1.1564939,-0.2594318,-0.6985711,ALS
GSM4660453,0.5512756,-0.5519773,0.12955686,0.088560484,-1.3728731,0.008252326,-0.76406586,ALS
GSM4660454,0.19676359,0.746364,1.0088477,1.1306411,-0.54307663,1.1797699,-0.1202723,ALS
GSM4660455,0.3714006,0.53495467,0.61288357,0.77741545,-0.99169666,0.80775964,-0.40444803,ALS
GSM4660456,-0.58022296,0.30081642,0.63087386,1.3135943,0.68961954,0.28800577,0.51672477,ALS
GSM4660457,0.19717695,-0.26067507,-1.3613002,-0.6845774,-0.9787811,-1.1204029,-1.326253,ALS
GSM4660458,0.9568901,-0.08765667,-0.0035254885,-0.068274684,-0.5030299,-0.17788994,-0.23595197,ALS
GSM4660459,0.7910208,-0.60441726,-0.3288035,-0.53118515,-0.848508,-0.8108587,-0.69766295,ALS
GSM4660460,-0.8132723,0.9904861,0.8909626,1.195768,-0.8926691,0.06523647,-0.21273181,ALS
GSM4660461,0.07328017,0.87349325,0.7207706,0.95677274,0.021438366,0.57434547,0.11335204,ALS
GSM4660462,1.1879606,0.25128356,0.44322523,-0.544171,-0.5184862,0.5875023,-0.1337575,Control
GSM4660463,1.0513333,-0.20391482,0.054416325,-0.846869,-0.7252879,0.1164734,-0.5272884,Control
GSM4660464,-1.2427735,0.44316447,1.5010891,0.590133,-0.2056336,0.6455624,-0.35321894,Control
GSM4660465,-1.647421,-0.4218385,1.1684341,-0.20609699,0.15328124,-0.17120588,-0.5133628,Control
GSM4660466,0.49885798,-0.68795973,-0.9285329,-0.79753876,-1.0307136,-1.0885695,-0.78849494,ALS
GSM4660467,-0.8309307,1.237065,1.0556105,1.5876731,0.15090656,0.5273514,0.51466876,ALS
GSM4660468,0.09655861,-0.9032888,-1.3824146,-1.2068187,-1.7400147,-1.4339399,-1.8699763,ALS
GSM4660469,1.0335157,0.7792311,0.1705984,0.17298073,-0.18033524,0.20905723,0.20211567,ALS
GSM4660470,0.60250515,-0.47183818,-0.13733357,-0.66392744,-1.0328324,-0.24627754,-0.85290796,ALS
GSM4660471,-0.88287044,0.570715,1.1503701,0.5353936,-1.1439979,0.61841404,-0.6228658,ALS
GSM4660472,-0.1268129,0.8455541,0.94474685,0.9012003,-0.54186445,0.7271964,-0.06818505,ALS
GSM4660473,0.10197681,-0.32977384,-1.0062386,-1.0673027,-1.1186177,-1.2508297,-1.3474714,ALS
GSM4660474,1.0124379,-0.40790614,-0.2411401,-0.48881003,-0.23901542,-0.51378053,-0.40574363,ALS
GSM4660475,0.7181323,-0.2713307,-1.3217059,-0.45592204,-0.63127786,-0.94038695,-0.7852353,ALS
GSM4660476,-0.5521591,0.6009434,0.9475704,0.7824001,-0.81152725,0.25987166,-0.49541998,ALS
GSM4660477,0.030177843,0.32176968,0.54083186,0.64192885,-0.3919348,0.213996,-0.5613274,ALS
GSM4660478,0.8246327,-0.115154035,0.2383604,-0.18718451,-0.46983796,-0.18376784,-0.5210052,ALS
GSM4660479,-0.89048463,0.37925577,0.74784285,0.79392475,-0.4881842,0.16674826,-0.3286852,ALS
GSM4660480,0.07573383,-0.37019825,-0.55454534,-0.72288674,-0.7485604,-0.7916167,-1.0154797,Control
GSM4660481,1.0088588,-0.05905741,0.35005382,-0.12031635,0.4000071,-0.09906046,-0.006643704,Control
GSM4660482,0.5727852,-0.32282582,0.6219473,0.13793443,-0.00891746,-0.084067106,-0.25243676,Control
GSM4660483,-1.228914,0.33852178,0.879785,0.7788966,-0.07496347,-0.18078184,-0.1319135,Control
GSM4660484,-0.06752672,0.78447795,0.9148834,0.5706325,0.30883616,0.08153847,0.03702241,Control
GSM4660485,0.9933949,0.15173823,-0.60486597,0.06069019,0.52384645,-0.29224986,0.22814287,Control
GSM4660487,-1.8119287,0.3393571,0.81955796,0.59255856,-0.80189097,-0.3073427,-0.6094733,Control
GSM4660488,0.06778914,-0.5646487,-1.0909142,-1.3493716,-0.93739974,-1.1234857,-1.5593565,ALS
GSM4660489,0.95837027,-0.22619718,0.48009396,-0.17814465,-0.19308245,0.20694166,-0.528571,ALS
GSM4660490,0.81969047,-0.3823558,-0.065622896,-0.5380673,-0.27391872,-0.31542453,-0.53863275,ALS
GSM4660491,-1.5376288,0.571849,0.92665046,0.87074,-0.60829586,0.64465725,-0.4802359,ALS
GSM4660492,1.0997503,-0.008561441,0.3628231,-0.2983224,0.03673184,0.14046954,-0.06635635,ALS
GSM4660493,1.0840309,0.2935636,-0.25055563,-0.14758594,0.40032038,0.21860032,0.2767616,ALS
GSM4660494,0.8512656,-0.8018622,-0.2251429,-0.7740733,-0.7808825,-0.3127018,-0.4823415,ALS
GSM4660495,1.0041014,-0.45760554,0.01007529,-0.5081616,-0.17880712,0.07642022,-0.23808822,ALS
GSM4660496,-0.9476323,0.43799827,1.2827212,0.8829253,0.08442073,0.8252367,-0.41737992,ALS
GSM4660497,-1.2286123,-0.22692627,0.93812287,0.24379086,0.66589195,0.12668777,-0.037575606,ALS
GSM4660499,0.36437023,-0.28494847,-0.9110067,-0.8776621,-0.06437539,0.037768636,-0.29337743,Control
GSM4660500,-2.0482638,0.8132614,1.2749597,0.5815904,0.38429704,0.77957594,0.27371496,Control
GSM4660501,-1.8645333,-0.23822136,0.93021446,-0.21742104,0.07278176,0.33631712,-0.35591683,Control
GSM4660502,-2.0878563,0.5446063,0.8451267,0.7074116,-0.69001734,0.090048596,-0.6289266,ALS
GSM4660503,0.908252,-0.58795017,0.10502318,-0.3839743,-0.39639097,-0.14049603,-0.21747008,ALS
GSM4660504,1.2874856,0.070407934,-0.008927643,-0.050118316,0.24962834,0.251141,0.14994638,ALS
GSM4660505,-2.0995002,0.49800768,0.44705328,1.0245169,-1.5127933,0.68865454,-0.61034447,ALS
GSM4660506,0.9419985,0.0025287285,-0.119347185,0.10435179,0.023346204,-0.42260686,-0.07528896,ALS
GSM4660507,-1.1938846,0.489616,0.98597294,1.1570795,-1.5963113,-0.052385397,-0.6109196,ALS
GSM4660508,-0.32767808,-0.13536476,0.32694095,0.30625185,0.38724962,0.2255089,-0.24937837,ALS
GSM4660509,0.5507879,-0.3238347,-0.47618866,-0.9289832,-0.42753354,-0.74764985,-0.54349333,ALS
GSM4660510,-0.78969264,0.21737775,0.72097707,0.8060805,-0.43802112,0.5876427,0.13553074,ALS
GSM4660511,0.8712783,-0.1409592,0.51172346,0.0063509163,-0.446591,0.34662014,-0.31361982,ALS
GSM4660512,0.2675956,-0.6754954,-1.3496484,-0.9299225,-1.2504637,-1.1197225,-1.2014836,ALS
GSM4660513,0.7421172,0.5771327,-0.8283343,-0.070850156,-0.1888995,-0.0992298,-0.547124,ALS
GSM4660514,0.7801802,-0.46970084,0.098522745,-0.22286792,-0.59769773,-0.10794815,-0.5555027,ALS
GSM4660515,1.0096438,0.11257866,-0.16954726,-0.26010022,-0.22542329,-0.12142721,-0.22065254,ALS
GSM4660516,-0.006467253,-0.68971884,-0.5887681,-1.1210836,-1.3721688,-0.9736317,-1.7582489,ALS
GSM4660517,0.5819585,-0.6263821,0.7474417,0.20034151,-0.122634575,-0.045986455,-0.51943475,ALS
GSM4660518,-1.0868648,1.6242648,1.4127717,1.7832584,0.2143697,1.2905426,0.83259195,ALS
GSM4660519,0.2632801,-1.7728688,-0.17207819,-1.405785,-0.20897476,-1.1638352,-0.67186975,ALS
GSM4660520,0.93534607,-0.24384293,-0.4728251,-0.4702979,-0.69568646,-0.24281365,-0.55132633,ALS
GSM4660521,0.57562286,-0.7746484,-0.5201554,-0.60893226,-1.4077418,-0.91280186,-0.91452014,ALS
GSM4660522,0.71916014,-0.4752265,-1.1184738,-0.87847775,-1.3658439,-1.24834,-0.9401358,ALS
GSM4660523,-0.34344915,0.1778821,0.414122,0.556575,-1.4458458,-0.01859536,-1.0226448,ALS
GSM4660524,-1.7613574,0.39431265,0.5749266,0.62934715,-0.8229288,-0.00972259,-0.4200211,ALS
GSM4660525,0.45641977,-0.24097176,-1.072251,-1.5602903,-0.31067252,-0.59717834,-0.32924438,ALS
GSM4660526,-0.52484787,0.2756085,0.5343168,0.8014922,-1.599654,0.19515455,-0.7005544,ALS
GSM4660527,-0.23859534,0.005596513,0.46014622,0.7166305,-0.8769145,-0.25449985,-0.6277963,ALS
GSM4660528,0.8366501,-0.21280529,0.10219107,0.021282235,-1.0932624,-0.06832945,-0.58676416,ALS
GSM4660529,-1.0844846,0.64837056,0.35963452,1.129189,-1.3535328,1.0709095,-0.49397078,ALS
GSM4660530,-2.4982831,0.6038463,0.22962342,0.94465595,-1.6700871,1.1680233,-0.5064634,ALS
GSM4660531,0.6792741,-0.40552014,0.07298116,-0.29734203,-0.9887894,-0.4218265,-0.84786195,ALS
GSM4660532,0.58588636,-1.0091108,-0.73930186,-1.2381105,-0.92418605,-0.94331497,-0.7270847,ALS
GSM4660533,-1.1813576,0.47283995,0.45192015,1.0711312,-0.8419525,-0.13322285,-0.3799123,ALS
GSM4660534,-1.3833472,0.21310368,0.4136864,0.8542165,-0.998009,-0.11902733,-0.62621784,ALS
GSM4660535,-1.6574025,0.16066429,-0.23983015,0.55956095,0.2620322,0.21887323,-0.330692,ALS
GSM4660536,-2.1323142,0.27901727,0.07838356,1.006826,-0.900771,-0.6014756,-0.56845915,ALS
GSM4660537,0.0299746,-0.5233132,-0.5951562,-0.44654474,-0.9691337,-0.90394914,-1.1566457,ALS
GSM4660538,-1.359725,0.89930636,0.2581581,1.0554081,-0.1409049,0.55769795,0.038659513,ALS
GSM4660539,-2.1202524,0.24239317,0.20572175,0.7299531,-1.3218747,0.3440181,-0.99885637,ALS
GSM4660540,-0.8897369,-0.7855823,-2.3572145,-2.3892028,-1.8919941,-1.8492614,-1.7903014,ALS
GSM4660541,0.620102,-0.50245935,-0.678127,-0.539375,-1.2394818,-0.6408575,-0.92968327,ALS
GSM4660542,0.5726907,-0.8420908,-0.071183,-0.5545353,-1.4335241,-0.48093513,-1.2669581,ALS
GSM4660543,-0.9490412,0.4968276,0.83643126,0.71934444,-0.9252537,0.5428866,-0.4178242,ALS
GSM4660544,-0.6923427,0.28725582,0.7586673,0.74603987,-1.3161318,0.39911112,-0.7529866,ALS
GSM4660545,0.66410536,-0.5934644,-0.4916672,-0.51477826,-1.1309557,-0.5426814,-0.9081793,ALS
GSM4660546,-0.4794625,-1.5254883,-1.9219445,-1.9134531,-1.7977288,-1.3538752,-2.075682,ALS
GSM4660547,0.34518948,-0.57488084,-1.7023381,-1.3303081,-2.0329328,-0.7036798,-0.9472794,ALS
GSM4660548,-0.012930093,-0.70503336,0.25188375,-0.9527889,-1.0131975,0.016119197,-0.8381256,ALS
GSM4660549,0.5731298,-0.70293254,-1.6011746,-1.01772,-1.6036543,-0.75028497,-0.92010707,ALS
GSM4660550,-1.6852504,0.33765227,0.96505654,0.88954896,-1.3336732,0.800651,-0.93213856,ALS
GSM4660551,-2.2172158,-0.155319,0.2917699,0.6020207,0.27455527,-0.20560429,0.13428126,ALS
GSM4660552,0.6651043,-0.30094522,-0.35359433,-0.45699966,-1.2006528,-0.5403694,-0.55410373,ALS
GSM4660553,0.8355392,-0.2642231,-0.37210804,-0.077943586,-1.1035022,-0.29115418,-0.8212451,ALS
GSM4660554,-0.38578022,0.67459255,0.76473325,0.9000962,-1.2713916,0.49151596,-0.67606556,ALS
GSM4660555,-0.16100264,0.5221061,0.5673045,0.6349805,-0.87253827,0.40586567,-0.37880394,ALS
GSM4660556,0.8158349,-0.082276575,0.024694705,-0.8301967,-0.8479393,-0.3289445,-0.520388,ALS
GSM4660557,0.7254069,0.04097577,0.40078378,-0.23972432,-0.9226526,0.10538469,-0.56174386,ALS
GSM4660558,-1.0758736,0.28854942,0.9879503,0.3271045,0.0013992072,0.03607426,-0.3014218,ALS
GSM4660559,-0.98442614,0.6311673,0.90762126,0.5638867,0.013083139,0.33543682,-0.10794742,ALS
GSM4660560,-0.36698523,-0.76388705,-1.4789948,-1.9817516,-1.9570465,-2.115447,-1.9722769,ALS
GSM4660561,0.7349109,-0.43563116,-0.7527934,-0.33820537,-0.8525939,-1.2814616,-0.6541223,ALS
GSM4660562,-1.5217526,0.5006311,0.7401012,0.80851173,-1.3520489,0.10542001,-0.5369745,ALS
GSM4660563,-2.3103147,0.19861007,-0.25089803,0.36791953,-0.8897401,-0.6562339,-0.31194356,ALS
GSM4660564,-0.29309967,-0.6661662,-2.0006542,-1.4220753,-1.8201454,-1.3788519,-1.9851081,ALS
GSM4660565,0.40727293,-0.6495605,-0.99490505,-0.44259647,-0.9525711,-0.65896237,-1.026182,ALS
GSM4660566,0.45721522,-0.5669469,-0.39398372,-0.10444841,-0.7112473,-0.36701962,-1.0467359,ALS
GSM4660567,-1.2883239,-0.112473935,0.3702848,1.0849074,-0.9100634,-0.030544767,-0.967501,ALS
GSM4660568,0.5449564,-0.5154674,-1.1501732,-0.39766553,-1.1377374,-0.88748276,-1.1017058,ALS
GSM4660569,-0.20453714,-0.55475134,-0.92597294,-0.23544605,-1.7430229,-1.24443,-1.6393824,ALS
GSM4660570,0.39301926,-0.7319421,0.2192474,0.06602688,-1.0643845,-0.32995227,-0.8164774,ALS
GSM4660571,-1.9971435,0.7505677,0.70421624,1.1590941,-1.0385869,0.2746011,-0.5208728,ALS
GSM4660572,0.71575296,-0.5289281,-0.95820457,-0.08757183,-1.0428221,-0.8768074,-0.7520977,ALS
GSM4660573,-0.18478547,-0.8566158,-1.765989,-0.745647,-1.3189139,-2.0095165,-1.7676111,ALS
GSM4660574,0.43788502,-1.9846961,-0.008957595,-0.063483946,-0.3871048,-0.96153426,-0.9787656,ALS
GSM4660575,-0.7269208,0.045751963,0.27814192,0.5967989,-1.4987986,-0.5631844,-1.3526739,ALS
GSM4660576,-0.750659,-0.010402137,0.27189532,0.81099415,-1.3051577,-0.4406374,-1.2392155,ALS
GSM4660577,0.7045265,-0.6221664,-0.4533699,-0.5327041,-0.83340204,-0.62472016,-0.7692361,ALS
GSM4660578,0.3350729,-0.4915519,0.49621433,-0.31619805,-1.0886893,0.012042526,-0.98529965,ALS
GSM4660579,0.64170325,-0.3537136,-0.9829242,-0.30899596,-0.35462248,-1.1729211,-0.14760424,ALS
GSM4660580,0.661619,-0.20500611,-0.3087114,-0.522397,-0.6574286,-0.29185262,-0.51555306,ALS
GSM4660581,0.34209898,-0.93991053,-1.4221435,-1.6025084,-0.877907,-0.9551089,-1.1522485,ALS
GSM4660582,0.6511207,-0.74213654,-1.3703419,-1.0328344,-1.196807,-1.0248144,-0.99648494,ALS
GSM4660583,-0.24897936,-0.6191041,-1.8655328,-1.9696435,-1.2868406,-1.4501145,-1.4981006,ALS
GSM4660584,0.9238736,-0.2622217,-0.5027573,-0.33418608,-0.49708042,-0.32428697,-0.45301312,ALS
GSM4660585,-1.1066229,0.23831192,0.4821132,0.31136164,-1.0901954,0.26530904,-0.5598854,ALS
GSM4660586,0.6271235,-0.6938277,-0.27922705,-1.7715849,-1.3434116,-0.5435583,-0.88700163,ALS
GSM4660587,0.83460677,0.19389458,-0.32476977,-0.1827464,-1.1941686,-0.22820571,-0.6418324,ALS
GSM4660588,0.78699785,-0.54176193,0.110391766,-0.1688032,-1.2170377,-0.16085887,-0.829154,ALS
GSM4660589,0.043201726,-0.15788461,-1.1671603,-0.6763215,-1.5407912,-0.91629785,-1.411608,ALS
GSM4660590,-1.4858809,0.414448,0.12540773,0.65483385,-0.38230294,0.49856138,-0.26372725,ALS
GSM4660591,-0.021222288,-0.7783504,-0.9521649,-0.9827896,-0.63839054,-1.6115904,-1.0314547,ALS
GSM4660592,0.1752221,-1.2949458,0.2898159,-0.49265882,-1.0871671,-0.8382181,-1.0625366,ALS
GSM4660593,-1.6720377,-0.063271254,0.3177861,0.4190699,0.9772331,-0.020297565,-0.15942608,ALS
GSM4660594,0.08623283,-1.1219409,-0.65786904,-0.86818546,-0.5191824,-0.64112216,-0.9454625,ALS
GSM4660595,-1.2640524,-0.11935634,0.13305491,0.72886163,-0.28837374,-0.41933286,-0.61659384,ALS
GSM4660596,-0.1572308,-0.026827067,0.09587356,0.48959282,-0.7528485,0.091878265,-0.8746546,ALS
GSM4660597,0.39404294,-2.0430205,-1.3364189,-0.21992813,-0.34193137,-1.9511676,-0.81310654,ALS
GSM4660598,-0.13553222,-0.43464664,-0.14041382,0.57587194,-1.1354344,-0.6575492,-1.1344665,ALS
GSM4660599,0.575725,-2.5943758,0.008559002,-1.5818068,-1.6636078,-1.3064309,-0.8458737,ALS
GSM4660600,0.7286436,-0.5235647,-0.22498104,-0.461615,-0.7812795,-0.59453225,-0.7454429,ALS
GSM4660601,-1.3888721,0.18760234,0.52681947,0.75467294,-0.7331372,0.5020555,-0.8100079,ALS
GSM4660602,-1.1650902,0.0024260364,0.5692475,0.76134485,0.24416745,0.026697654,-0.27023274,ALS
GSM4660603,-0.061834056,-0.65544033,-1.357315,-1.0257672,-1.2522484,-1.5631576,-1.5412585,ALS
GSM4660604,0.6910282,-0.48304665,-0.8325571,-0.6173886,-0.5730117,-1.0665379,-0.25598624,ALS
GSM4660605,0.7465142,-0.4206525,-0.06992148,-0.25842652,-0.4605381,-0.74249655,-0.23284863,ALS
GSM4660606,-0.9269957,-0.07866576,0.393066,0.57710636,-1.028236,-0.4415023,-0.5673688,ALS
GSM4660607,-1.9505934,0.34918812,0.5073383,0.7137744,-0.9831166,-0.5495241,-0.27704754,ALS
GSM4660608,-1.3384242,-0.2310666,0.41644084,-0.74404055,0.36538845,-0.7303874,-0.13080823,ALS
GSM4660609,-1.093767,-0.30346784,0.08909565,-1.2775055,0.27305153,-0.30093843,-0.23076418,ALS
GSM4660610,-3.000902,0.63212866,-0.44672313,0.5905242,-1.4525032,0.42589024,-0.8252579,ALS
GSM4660611,-2.0208762,0.98947835,-0.035414737,1.0824035,-0.6444089,0.9517153,-0.21863735,ALS
GSM4660612,-0.37842128,-0.41184804,-0.17794673,-1.0048981,-0.020535238,0.026277043,-0.33080396,ALS
GSM4660613,0.30065647,-1.0410504,-0.09837178,-0.9564734,-0.8115575,-0.6737296,-1.2224941,ALS
GSM4660614,0.7424169,-0.62465405,-0.9091622,-0.81302005,-0.80239373,-0.6272864,-0.70038134,ALS
GSM4660615,-1.8074706,-0.26155093,0.44253036,0.41992202,-1.3515637,0.3531713,-1.0488971,ALS
GSM4660616,-1.5383269,0.19652705,0.494987,0.65128773,-0.84968626,0.56763405,-0.4426497,ALS
GSM4660617,0.78672826,-0.13357635,-0.6073731,-0.741323,-0.7646588,-0.5521632,-0.5854258,ALS
GSM4660618,0.40848848,-0.55725074,0.7810819,-0.23054135,-1.0098376,0.06356517,-0.8333823,ALS
GSM4660619,-1.1671023,0.42338493,0.7237151,0.7140479,-0.7495299,0.56731594,-0.44843563,ALS
GSM4660620,-1.5132362,0.4653329,0.5360799,0.83838415,-0.8077877,0.3336464,-0.4318202,ALS
GSM4660621,0.68498445,-0.5727543,-0.5678869,-0.9536349,-1.089649,-0.7899575,-0.78079987,ALS
GSM4660622,0.0037912838,-0.72714674,-1.55786,-1.1030271,-1.6878761,-1.4912312,-1.686773,ALS
GSM4660623,0.107742265,-0.84256464,-0.9748374,-1.5596119,0.12211867,-0.9618131,-0.40842438,ALS
GSM4660624,-0.0053802347,-1.0289944,-0.8787135,-1.521609,-0.6174801,-0.7337632,-0.9820867,ALS
GSM4660625,-2.5017848,0.16255811,0.4640229,0.5549167,-0.48546776,-0.03944001,-0.14644422,ALS
GSM4660626,-2.0325785,0.55843765,0.68671554,0.91175514,0.09075495,0.5382902,0.33516845,ALS
GSM4660627,-0.25366774,-1.3081174,0.6233482,-0.9122295,-1.0755919,-0.37966478,-1.3513027,ALS
GSM4660628,0.1567812,-1.1139058,-0.0040382245,-1.5005207,-0.9072297,-0.7838217,-0.9481903,ALS
GSM4660629,-2.3323898,-0.11617097,0.31574413,0.10989401,-0.7910364,0.05957268,-0.608687,ALS
GSM4660630,-2.3041317,0.1803176,0.25399935,0.35309502,-0.41081634,-0.30852708,-0.1300795,ALS
GSM4660631,0.07680993,-0.88511693,0.684785,-0.22570615,-0.9624659,0.19345576,-1.0821623,ALS
GSM4660632,0.6732258,-0.9387356,0.29876086,-0.43643665,-0.9966728,-0.09679409,-0.82610184,ALS
GSM4660633,-1.6330953,0.11813057,0.5658661,0.7694202,-0.2807909,0.2522085,0.02032859,ALS
GSM4660634,-0.77662975,0.13432346,0.67343515,0.8627262,0.06698035,0.45591146,-0.016133573,ALS
GSM4660635,0.7568314,-0.6727709,-0.61921704,-0.6898508,-1.0371436,-0.68844336,-0.9306901,ALS
GSM4660636,-0.5413671,0.12072811,0.4881771,0.6861984,-0.72231996,0.10887291,-0.42985553,ALS
GSM4660637,-1.550267,0.61428875,0.81222844,0.8529013,-0.9891076,0.5080399,-0.75702333,ALS
GSM4660638,0.72156745,-1.1295865,-0.88183534,-0.903949,-1.3230412,-0.8917944,-1.1377423,ALS
GSM4660639,0.72442263,-0.9645802,-0.3590464,-0.5984878,-1.052202,-0.7458844,-0.9168285,ALS
GSM4660640,-0.71901387,0.496661,0.47614563,1.0029312,-1.225318,0.689501,-0.92775023,ALS
GSM4660641,0.9102473,-0.73522764,-0.09118379,-0.47323975,-0.9944091,-0.56057906,-0.5178828,ALS
GSM4660642,0.74625736,-0.68967015,-0.7435883,-0.5651799,-1.5158651,-0.9062733,-1.065636,ALS
GSM4660643,-2.4762793,0.23728932,0.53440404,0.73086923,-1.3438121,-0.10725103,-0.60919577,ALS
GSM4660644,-1.5995935,0.15510054,0.62741345,0.6569932,-1.7437216,0.14010069,-1.159665,ALS
GSM4660645,0.3758129,-0.7817425,0.60804003,-0.08008172,-1.2060807,-0.21757117,-1.2347573,ALS
GSM4660646,0.69645214,-0.58599925,-0.31304777,-0.361818,-1.1783926,-0.52478844,-0.9847351,ALS
GSM4660647,-1.2021427,-0.13059448,0.7633038,1.0025629,-0.92174566,0.6621951,-0.540039,ALS
GSM4660648,0.6837171,-0.59349656,-0.69277924,-1.6201059,-0.8910292,-0.6150024,-0.66931087,ALS
GSM4660649,-2.4960926,0.42607945,0.34716457,0.29775834,-1.0519438,-0.376347,-0.56343657,ALS
GSM4660650,-1.3265485,-1.1349258,0.76279855,-1.460248,-0.5959669,0.35179287,-1.3650768,ALS
GSM4660651,-1.4928734,-0.048698675,0.2749189,0.6675945,-0.6480422,-0.5001267,-0.857257,ALS
GSM4660652,-0.06536344,-0.4047692,-1.5923368,-0.9974765,-0.8114241,-0.8712402,-0.82015485,ALS
GSM4660653,-2.6619947,-0.9645134,-0.8361405,0.26116732,0.4896315,-0.98994124,0.56728745,ALS
GSM4660654,0.5660971,-0.11698935,-1.0973974,-0.64384425,-0.8922513,-1.0568591,-0.45053998,ALS
GSM4660655,-0.7283117,-1.7508571,-2.42986,-1.811539,-2.30996,-2.9284277,-2.2466903,ALS
GSM4660656,0.8484723,-0.5181876,-1.0367353,-0.8035343,-1.0730665,-0.71550643,-0.6742309,ALS
GSM4660657,-0.46651286,-1.1863517,-1.9970365,-1.7303821,-2.2317529,-2.1779866,-2.093241,ALS
GSM4660658,0.6333069,-0.6066882,-0.81867355,-0.3873838,-0.8405682,-1.102809,-0.73954076,ALS
GSM4660659,0.65541154,-0.44505358,-0.86372393,-0.2970542,-0.84083784,-1.0351063,-0.79650396,ALS
GSM4660660,-2.3015492,0.53623146,0.32922217,0.83313507,-0.22236767,0.18915692,0.48627552,ALS
GSM4660661,0.64491266,-0.45981103,-0.6652561,-0.14508212,-0.7880406,-1.060541,-0.7348467,ALS
GSM4660662,0.6581631,-0.29265597,-1.060368,-0.027914062,-0.7382008,-0.84963244,-0.56532997,ALS
GSM4660663,-0.42683917,-0.29098752,0.5322852,0.36490119,-0.5343815,-0.12390614,-0.99584484,ALS
GSM4660664,0.39878032,-0.6899615,-0.12890305,-0.3300639,-0.9978496,-0.5179561,-0.7199851,ALS
GSM4660665,-0.099511705,-0.5841467,-0.73919976,-0.7894359,-1.4976134,-0.97958905,-1.623231,ALS
GSM4660666,0.050549958,-0.4584918,0.42751262,0.2976279,-0.5477587,0.18137884,-0.7875158,ALS
GSM4660667,-2.5406709,0.43962365,0.37698987,0.9271135,-0.5896495,-0.22841854,-0.10324536,ALS
GSM4660668,0.6990113,-0.42804176,-1.1998955,-0.7529548,-0.7679351,-0.9960363,-0.6813687,ALS
GSM4660669,-0.16213706,-0.75367504,-1.4329273,-0.88295645,-1.3131771,-1.4717894,-1.529332,ALS
GSM4660670,-0.12911323,-1.0739508,0.22282645,-1.1484188,-0.5991617,-0.4470522,-1.0159286,ALS
GSM4660671,0.4235612,-1.1191592,-1.3672075,-0.93152833,-0.73131245,-1.0787004,-0.78032863,ALS
GSM4660672,0.41831014,-0.22032504,0.26306883,-0.58498055,-0.50957507,0.011880052,-0.40490812,ALS
GSM4660673,-0.08460835,-0.6987625,-1.0115677,-1.3868643,-1.2423538,-1.432671,-1.4067602,ALS
GSM4660674,0.21042182,-0.3681498,-0.115894765,-0.33250913,-0.21323642,-0.73590255,-0.39560482,ALS
GSM4660675,-0.22705695,-0.9512298,-2.0234194,-1.4127983,-1.8950984,-2.0143392,-2.1649225,ALS
GSM4660676,0.34170488,-1.0760496,0.22501826,-0.76739734,-0.8917774,-0.61166817,-0.8824733,ALS
GSM4660678,-0.27015072,-1.0869361,0.74401927,-0.2988353,-1.5861539,0.040392347,-1.401129,ALS
GSM4660680,-0.26964733,-1.3991805,-1.735854,-1.5166191,-1.9034055,-2.0452266,-2.1656692,Control
GSM4660681,0.7002547,-0.5292149,-0.8874895,-0.6028393,-1.010879,-0.7519183,-0.5911521,ALS
GSM4660682,-2.0403953,0.6563481,0.85420513,0.9936695,-1.4346547,0.26397023,-0.760152,ALS
GSM4660683,-1.4916105,0.8335037,0.6297565,1.0951921,-0.0876114,0.7071624,0.24747105,ALS
GSM4660684,-0.23689385,0.22472085,0.60392356,0.70140195,-0.44576406,0.46754023,-0.26594868,ALS
GSM4660685,0.9038853,-0.27774307,-0.055720255,-1.2179002,-0.36979866,-0.018185355,-0.32312283,ALS
GSM4660686,0.19256392,-1.1093956,-0.26139358,-0.7424472,-0.014498964,0.11597,-0.34671682,ALS
GSM4660687,-2.035101,0.5608034,0.597595,0.9234071,-0.6952168,-0.8221124,-0.35875252,ALS
GSM4660688,1.0000463,0.46350586,-1.0727117,-0.28243354,-0.94890565,-0.60048646,-0.08286934,ALS
GSM4660689,0.72557676,0.045204367,-0.21093658,-0.18918164,-0.34142196,-0.37331745,-0.20603742,ALS
GSM4660690,-1.799445,0.69760084,0.5029035,1.2609528,0.58867234,0.6181693,0.40831715,ALS
GSM4660691,-2.1786034,0.63713974,0.8638882,0.87372535,-1.4426128,0.7472785,-0.76414,ALS
GSM4660692,-1.917069,1.0382476,0.97958636,1.1256684,-0.27403554,0.73702896,0.21118367,ALS
GSM4660693,-0.98858184,0.50789285,0.3159192,0.7778242,0.0719125,-0.13662651,0.8496565,ALS
GSM4660694,1.0184258,-0.32090858,0.063249044,0.18422686,0.0005162641,-0.2311128,-0.2035643,ALS
GSM4660695,1.0219797,-0.30611345,-0.39643705,-0.06479718,-0.074957564,-0.4539625,-0.44684467,ALS
GSM4660696,-2.2754016,0.6801601,0.37491307,1.1085222,0.1001925,-0.2777208,0.59353286,ALS
GSM4660697,-0.7728245,0.71277916,0.3815405,1.3498659,0.6924453,0.40829712,0.6172024,ALS
GSM4660698,0.33607802,-0.38871557,0.86826766,0.34857878,-0.84201086,0.4025969,-0.6337147,ALS
GSM4660699,0.6506527,-0.31973207,0.36332357,0.16539787,-0.6571397,0.07019636,-0.45619044,ALS
GSM4660700,-2.1654584,0.9625891,1.0357459,1.2088913,-1.4097043,-0.57592,-0.38204095,ALS
GSM4660701,0.81134504,0.09851189,-0.0008230905,-0.014297833,-0.36131114,0.030732885,-0.24210279,ALS
GSM4660702,0.74389,0.6175326,-0.49285063,-0.15857098,0.103976086,0.06105396,-0.030635102,ALS
GSM4660703,-2.424913,0.9476549,0.7164417,1.1680957,-0.35371295,-0.098598674,0.04375193,ALS
GSM4660704,0.94094676,-0.25715232,-0.15279216,-0.38442945,-0.064234175,-0.05097008,-0.16821955,ALS
GSM4660705,-2.1219544,0.35885522,0.66186565,0.75671506,-0.41647154,-0.32463172,-0.20572925,ALS
GSM4660712,0.9182469,0.25745592,0.56749916,-0.16015242,0.3283285,0.030782208,0.23546597,ALS
GSM4660713,0.7921537,0.21501589,0.5164878,-0.06513775,-0.03401556,-0.0985108,-0.09232455,ALS
GSM4660714,0.00039146282,1.1411521,1.2592318,0.7186318,-0.060177613,0.9385823,0.08029054,ALS
GSM4660715,-0.13891488,0.85714984,0.9734799,0.47608015,0.021911383,0.6309483,0.32484415,ALS
GSM4660716,0.83856773,-0.7233199,-0.5163739,-1.4107327,-1.0348091,-0.61188775,-0.73642635,ALS
GSM4660717,0.30721992,0.0032351126,-0.6382031,-0.38602853,-0.64231473,-0.648097,-0.7491713,ALS
GSM4660718,0.11584863,-0.010782074,-1.616816,-0.29213694,-0.6792715,-0.84583277,-0.59434277,ALS
GSM4660719,0.8732549,-0.6195182,-0.70725304,-0.48338577,-1.0782895,-0.6427357,-0.50100166,ALS
GSM4660720,-0.10474565,-0.59795547,-0.92699885,-0.85569286,-1.5026672,-1.2774565,-1.5516675,ALS
GSM4660721,0.8240856,-0.24893813,-1.1057029,-0.20047724,-1.0350921,-0.6705207,-0.5976928,ALS
GSM4660722,0.33496374,0.15598458,-1.2353892,-0.600069,-0.6833745,-0.61360997,-1.0326107,ALS
GSM4660723,0.8090117,-0.079684086,-1.2603352,-0.3074939,-0.28613818,-0.6941783,-0.6508729,ALS
GSM4660724,0.84440583,0.025746102,-1.0556922,-0.32140502,-0.10508807,-0.38968375,-0.44788143,ALS
GSM4660725,0.81803477,-0.3660612,-0.627218,-0.46485278,0.26388082,-0.4440603,0.036988106,ALS
GSM4660726,1.0083107,0.06469294,-0.44497028,-0.2774501,-0.09867166,-0.28459442,-0.4910628,ALS
GSM4660727,-0.25378737,0.57554424,0.86231834,0.5214024,-0.40900308,0.57964075,-0.33145437,ALS
GSM4660728,-2.3009026,0.49060544,0.700717,0.4617466,-0.97775793,0.45277357,-1.0039755,ALS
GSM4660729,-0.043008175,-0.35889322,-0.24158448,-0.7187342,-1.6802622,-0.84124064,-1.538869,ALS
GSM4660730,0.73182654,-0.28891787,0.5681702,-0.24850585,-0.5741649,0.027164984,-0.2539304,ALS
GSM4660731,0.5495608,-0.44944668,0.53108096,-0.3611517,-1.3172038,-0.24130479,-0.77483803,ALS
GSM4660732,0.8144395,-0.33194908,0.11429834,-0.44419894,-0.8813205,-0.2665109,-0.50048524,ALS
GSM4660733,-0.2507267,0.693264,0.65412694,0.943311,-1.3141901,0.710749,-0.39679933,ALS
GSM4660734,-1.0972642,0.38228875,0.84788024,0.59078544,-1.3781055,0.37468374,-0.8608815,ALS
GSM4660735,0.9704191,0.1999314,0.07349316,-0.7000255,-0.20057741,0.05987066,-0.22887993,ALS
GSM4660736,0.64819026,-0.25746807,0.13315786,-1.0060731,-0.20607686,-0.10027602,-0.3691058,ALS
GSM4660737,-0.55814725,0.46855834,1.0153592,0.8835149,-0.58472836,0.7309495,-0.5763712,ALS
GSM4660738,-0.48281926,0.6481421,1.0373609,0.7893328,0.007252744,0.95437753,0.0986899,ALS
GSM4660739,0.8114681,-0.34279323,-0.86643815,-1.274655,-0.75006497,-0.3918178,-0.70464075,ALS
GSM4660741,0.589057,-0.5916392,0.18585552,0.04279047,0.012445626,-0.23725984,-0.34545574,ALS
GSM4660742,-2.1104264,0.15222894,0.6318706,1.0532995,-0.3420542,0.29987684,-0.28767064,ALS
GSM4660743,-1.5133576,0.11675434,0.32978487,0.7665987,0.6703318,0.015024902,0.49901262,ALS
GSM4660744,0.83163506,-0.84403455,-1.0227413,-0.67629725,-0.5724405,-0.98139423,-0.6097742,ALS
GSM4660745,0.030614346,-1.2462493,-1.6907322,-1.396285,-1.1539586,-1.7966348,-1.8470728,ALS
GSM4660746,0.1805349,-0.29547754,-1.3101554,-0.6378708,-0.9721996,-1.0546669,-1.3546772,ALS
GSM4660747,0.58649945,-0.4166199,0.008055993,-0.23994952,-0.343392,-0.36550233,-0.48430866,ALS
GSM4660748,0.64520895,-0.26435316,-0.6150165,-0.35079145,-0.1992065,-0.51977783,-0.41426644,ALS
GSM4660749,-1.648265,0.92670786,0.60313636,1.223859,-0.6005279,0.47344515,0.027061457,ALS
GSM4660750,-1.8011537,0.007648902,-0.3721103,1.1436409,1.0908453,-0.28423178,1.0901347,ALS
GSM4660751,0.5067565,-0.18060397,-0.2786256,-0.091791846,-0.52547795,-0.39009058,-0.41152814,ALS
GSM4660752,1.3926466,0.6220949,-0.52750134,0.019665698,0.12020546,0.2964533,0.38606828,Control
GSM4660754,0.9603805,-0.22688764,-0.7103416,-0.9034937,-0.7227173,-0.3384404,-0.4075914,ALS
GSM4660755,0.09450835,-0.70817614,-1.9268469,-1.9457531,-1.5235159,-1.4187518,-1.571824,ALS
GSM4660756,0.22627397,-0.19916318,-0.06595341,-0.9519734,0.28615728,0.26266465,-0.25991574,ALS
GSM4660757,0.89373547,-0.29713106,-1.2374744,-0.9479143,-0.8896345,-0.5671765,-0.754427,ALS
GSM4660758,-1.0463603,0.2663232,0.64022243,0.79037404,0.97632587,0.60787153,0.83193725,ALS
GSM4660759,-1.2765784,0.68386436,0.78997254,0.7595164,-0.0036970198,0.7801941,-0.03789975,ALS
GSM4660760,0.79689884,-0.7027262,-1.1425258,-1.0609889,-1.1546677,-0.87127036,-0.8179237,ALS
GSM4660761,0.12924592,-0.44767702,-0.6927139,-0.57290477,-1.4722812,-0.95652014,-1.3096697,ALS
GSM4660762,0.63935924,0.3870474,0.9057437,0.7912317,-0.5430655,0.6783529,-0.15982771,ALS
GSM4660763,-0.39036235,0.4900114,0.88696563,0.8499952,-0.98793316,0.72340375,-0.3105262,ALS
GSM4660764,0.94354665,-0.71681976,-0.4111451,-0.3273895,-1.1871426,-0.46166682,-0.6700983,ALS
GSM4660765,-0.08481754,-0.20739928,-0.34446922,-0.5499146,-1.2809497,-0.86948,-1.1029501,ALS
GSM4660766,-1.349458,0.64608455,0.63358325,0.7153569,-0.5608366,-0.1025776,0.0321439,ALS
GSM4660767,0.81132853,0.032841284,-0.7148936,-0.56881446,-0.22642753,-0.78211606,-0.32382044,ALS
GSM4660768,-0.6599023,0.48312655,1.2340826,0.33376682,-0.50815,0.24550414,-0.45458037,Control
