,MECOM,SERTAD1,FCN3,PROS1,ANGPT2,EMP1,TINAGL1,CKMT2,VWF,CLDN5,NR4A1,SOHLH2,HEXB,MCEE,SLC37A2
Adipose_Subcutaneous,14.3646,17.8406,14.9602,50.6253,13.2743,196.39700000000002,167.33900000000003,5.43037,268.695,287.303,139.743,0.14949300000000001,92.7589,14.9753,7.89257
Adipose_Visceral_Omentum,11.0312,33.0903,47.8389,40.5307,10.8668,214.775,149.44799999999998,6.862310000000001,236.84900000000002,159.643,497.22,0.080125,73.3351,12.5393,5.764530000000001
Adrenal_Gland,0.285412,11.8647,37.7868,10.5623,0.24083200000000002,13.817,29.3289,34.3531,6.89918,6.70455,97.4389,0.417725,56.6336,20.4586,72.7158
Artery_Aorta,14.6946,32.4674,3.2069099999999997,164.188,5.44131,52.5456,338.667,24.9956,47.753,13.0644,284.536,0.06269780000000001,121.234,16.5985,3.92406
Artery_Coronary,6.03681,26.2139,8.2806,94.2278,6.12791,87.1264,237.12900000000002,21.1201,95.4025,34.7191,234.86700000000002,0.10346400000000001,98.1401,17.2953,4.52198
Artery_Tibial,3.65469,20.8693,1.65685,59.391000000000005,17.7041,63.6161,280.813,32.1686,55.24100000000001,26.2483,524.691,0.183825,80.4127,15.466,1.7087900000000003
Bladder,8.977039999999999,18.2467,2.02895,21.3602,3.9082199999999996,37.1564,100.522,5.65606,70.0773,62.2193,135.704,0.9245680000000001,74.0869,15.0632,5.39321
Brain_Amygdala,1.1602299999999999,5.33479,0.45238100000000003,3.95535,1.17954,3.4592,4.84903,5.53876,8.49835,37.5883,9.090539999999999,0.43092299999999994,10.2258,4.02989,0.7838579999999999
Brain_Anterior_cingulate_cortex_BA24,1.20781,5.142119999999999,0.498496,3.91325,0.887074,3.88294,4.96631,4.80813,7.857360000000001,34.8326,12.1767,0.701801,12.8336,4.3986,0.706112
Brain_Caudate_basal_ganglia,1.5603799999999999,5.62566,0.536295,5.496,1.77148,4.826919999999999,6.85089,6.5284699999999996,12.8369,44.5622,12.9476,0.454833,18.0396,4.17716,0.9133700000000001
Brain_Cerebellar_Hemisphere,0.8266020000000001,5.67575,0.41926,1.61913,1.0855,1.49494,3.22505,3.33037,6.33467,27.5557,17.7518,0.151061,26.4406,10.6481,1.00387
Brain_Cerebellum,1.02662,5.93649,0.47666499999999995,1.59368,1.13415,2.1057200000000003,4.74591,3.47379,9.29022,34.1982,24.679000000000002,0.216315,19.7315,9.76389,1.07981
Brain_Cortex,1.52661,5.78529,0.535729,3.5503,0.8291940000000001,3.5127300000000004,7.2240899999999995,5.62657,13.8548,48.3154,21.4377,0.758078,13.7719,4.75718,0.793136
Brain_Frontal_Cortex_BA9,1.3706200000000002,5.76051,0.5703159999999999,4.24559,1.03344,2.82076,5.41119,5.45485,9.48643,40.5083,16.3254,0.8827940000000001,20.4009,5.3333699999999995,0.6463909999999999
Brain_Hippocampus,1.47285,5.85656,0.580046,4.59825,1.7957,3.9872900000000002,5.3047699999999995,4.109,11.0975,51.2713,11.2168,0.599921,10.1587,4.01295,1.05829
Brain_Hypothalamus,1.66725,6.01835,0.642946,5.80471,2.1811599999999998,5.1593,6.46584,4.00853,10.2949,52.4974,14.6149,0.943199,16.6215,5.03061,1.33037
Brain_Nucleus_accumbens_basal_ganglia,1.05942,4.69695,0.43791800000000003,5.2507,0.9487129999999999,3.9701800000000005,5.02896,4.35175,8.828710000000001,32.1854,10.7081,1.18593,20.0272,4.25181,0.930211
Brain_Putamen_basal_ganglia,1.60055,5.44365,0.45753699999999997,4.02792,2.03986,3.1757400000000002,7.229889999999999,7.456060000000001,13.6444,48.7602,10.0123,0.335379,13.5909,3.6851300000000005,0.686446
Brain_Spinal_cord_cervical_c-1,2.31659,6.57803,0.589344,6.4737800000000005,3.4917800000000003,8.1938,7.23123,17.3822,16.5494,74.203,17.7929,0.509683,16.5591,8.2748,3.6958800000000003
Brain_Substantia_nigra,2.23231,6.39935,0.599687,4.18631,2.16641,6.3976,9.03186,10.5576,15.267000000000001,61.9199,8.768889999999999,0.520785,13.4652,4.96287,1.62535
Breast_Mammary_Tissue,11.0192,17.9138,22.1218,39.5535,8.27208,150.621,146.346,4.28035,188.80599999999998,256.37,139.889,0.163322,83.2975,17.5063,3.73567
Cells_Cultured_fibroblasts,0.661802,25.046999999999997,0.11559900000000001,65.111,0.198255,312.469,2.06481,0.5499109999999999,0.21835700000000002,0.157229,5.38773,0.5844,137.67,16.4152,1.30897
Cells_EBV-transformed_lymphocytes,0.0171195,13.2225,0.12455899999999999,0.11433299999999999,0.126609,0.386232,0.288582,0.469772,0.18248399999999998,0.15629,11.9779,0.0,39.4746,17.8054,21.2023
Cervix_Ectocervix,4.72171,17.0171,1.52255,25.7289,4.04095,64.742,136.319,11.9478,91.5534,48.8471,126.684,0.322135,109.38,22.6153,1.92905
Cervix_Endocervix,8.933910000000001,19.6722,3.6315,32.3583,4.17625,40.493,112.889,13.4529,105.505,53.3804,94.5539,0.554299,116.884,22.1166,2.4054900000000004
Colon_Sigmoid,2.81529,18.4727,2.38847,22.4587,1.94554,34.8968,78.855,3.84991,52.88399999999999,36.0045,120.046,1.8349099999999998,59.1386,14.27,2.80937
Colon_Transverse,10.9949,15.5018,3.12794,16.6587,1.61211,42.2044,64.0493,2.0728400000000002,37.6687,32.41,59.2387,0.442984,66.8276,12.1987,3.60124
Esophagus_Gastroesophageal_Junction,9.66967,19.75,4.40142,35.9018,2.1886200000000002,54.9172,92.3957,9.20514,79.9229,46.7757,114.084,0.436895,58.36,12.4003,3.01527
Esophagus_Mucosa,10.9966,24.8178,3.09229,14.5755,1.31186,1226.94,24.7065,0.9426950000000001,31.4003,22.5227,17.1741,0.062079499999999996,28.0044,16.6873,22.5895
Esophagus_Muscularis,4.47381,18.2969,5.70949,35.2461,2.4887799999999998,44.5845,91.0486,9.75414,90.5224,52.8078,76.5871,0.506332,52.3157,11.8097,2.86395
Fallopian_Tube,8.04865,25.1844,2.86389,39.4315,5.04825,77.82600000000001,127.49,11.5654,108.315,85.0342,293.96299999999997,0.346877,83.014,16.7777,3.12082
Heart_Atrial_Appendage,5.057259999999999,13.7252,14.5643,41.4488,2.0908,57.843,51.668,374.538,81.7782,8.4697,208.692,0.14378,34.5798,13.277999999999999,1.01385
Heart_Left_Ventricle,3.11343,9.36572,23.8829,16.7417,0.886207,16.3651,71.2098,652.362,78.2834,15.7461,35.3426,0.0932586,27.2121,11.3764,0.600851
Kidney_Cortex,11.7803,13.2817,32.1472,17.2628,0.533557,8.58716,77.5631,10.6807,6.192769999999999,13.9476,49.9261,0.285988,32.1781,10.5704,0.6577149999999999
Kidney_Medulla,23.4125,19.7876,5.32862,13.2726,4.55846,27.7386,125.025,10.9429,5.7327900000000005,22.9151,56.7182,0.19256900000000002,40.4385,11.9221,1.30487
Liver,0.407267,6.769089999999999,65.8482,83.2325,0.279994,1.65455,8.25208,0.5865319999999999,1.08445,3.94309,15.0943,0.0,28.4281,14.9767,1.0067
Lung,15.5839,41.7608,1136.08,42.6549,3.7737300000000005,124.866,103.898,2.41055,211.239,284.623,195.57299999999998,0.051096300000000004,107.069,13.7389,9.376380000000001
Minor_Salivary_Gland,5.9538,12.4993,2.71557,17.7363,2.03188,56.7985,64.7664,5.34837,27.8444,18.6275,45.4126,0.07132580000000001,107.581,20.8738,38.708
Muscle_Skeletal,1.51415,9.92276,3.0651900000000003,2.9184400000000004,1.24476,9.90653,18.9625,441.926,30.7972,25.7139,88.8526,0.23497300000000002,19.1807,11.1175,0.35768099999999997
Nerve_Tibial,7.391369999999999,27.0318,2.21392,167.53099999999998,3.93195,117.24700000000001,81.8391,4.73076,95.7741,115.295,471.42199999999997,0.228064,68.9273,20.2757,5.79139
Ovary,1.9740900000000001,13.2277,1.93291,48.8307,2.3182099999999997,12.6752,30.4062,15.6219,38.2102,21.6144,808.072,0.137946,69.7822,19.0578,1.4370399999999999
Pancreas,8.43719,3.8029800000000002,6.3299900000000004,3.14284,0.207012,5.6666099999999995,11.3619,1.4975100000000001,10.2476,3.5094800000000004,14.7291,0.0325302,35.8027,11.1265,0.6708390000000001
Pituitary,1.87365,13.6839,2.98854,12.675999999999998,0.612412,13.9312,27.5153,6.474880000000001,7.4833300000000005,10.4786,309.233,0.32250700000000004,39.735,22.6678,2.27217
Prostate,6.46176,20.2726,4.72081,14.0802,3.08336,28.916,78.7377,5.941,52.0489,31.1986,225.377,0.727993,58.1553,20.2901,6.83957
Skin_Not_Sun_Exposed_Suprapubic,1.61952,23.1068,1.88885,22.4541,1.77748,129.69799999999998,25.8082,3.06735,26.4164,45.1523,129.007,0.062190499999999996,41.5645,18.2317,41.547
Skin_Sun_Exposed_Lower_leg,2.26546,21.2497,1.9520099999999998,31.248,2.49335,117.13,34.9539,3.89123,37.6506,57.7708,103.042,0.0487358,50.2858,17.6285,59.1766
Small_Intestine_Terminal_Ileum,6.30819,15.3334,5.12381,20.059,1.95282,29.3359,44.596000000000004,2.07651,49.2334,36.2718,39.9262,0.0551644,63.776,12.2451,5.83869
Spleen,3.92253,16.3,15.5046,14.9879,0.388394,18.9567,134.4,2.28757,71.2933,27.6355,18.8806,0.023465599999999996,51.581,12.8521,32.4616
Stomach,33.8834,17.8714,6.68268,7.65791,0.9995280000000001,21.1894,48.163000000000004,14.0981,30.5049,17.1878,67.5518,0.181445,50.3086,13.5597,1.71607
Testis,2.6270700000000002,8.74259,3.3636199999999996,7.8815800000000005,0.8377829999999999,8.32108,7.417660000000001,7.503189999999999,24.1141,8.325280000000001,33.6157,24.676,17.3098,8.73794,4.24744
Thyroid,6.18154,24.583000000000002,23.9588,32.7928,9.54325,138.458,149.975,6.16775,105.932,90.1715,183.275,0.212517,95.8059,14.8873,2.05945
Uterus,8.27398,22.6717,3.4736599999999997,31.1867,3.75236,63.2337,143.928,8.14028,129.201,83.44200000000001,100.411,0.278034,89.3479,16.0602,2.06703
Vagina,7.742089999999999,19.8559,2.9575400000000003,26.4423,3.11955,446.949,68.4582,5.142,59.9945,53.1522,111.844,0.09015160000000001,67.753,19.8115,28.6957
Whole_Blood,0.0252113,14.7023,0.361964,0.7525930000000001,0.044685199999999994,0.8317319999999999,0.21951500000000002,0.159145,0.757632,2.20791,3.50412,0.0,38.9607,1.68367,5.752269999999999
