n_features,mean_auc
1,0.6596280310049492
2,0.6864305326433301
3,0.7469845314230186
4,0.7452647962757903
5,0.7695972972362206
6,0.7860441006982893
7,0.8290041467989424
8,0.841160369257192
9,0.8458441617138597
10,0.8594825540665747
11,0.8713763530767666
12,0.8975557049558202
13,0.9103285801450814
14,0.9080176154211204
15,0.9106093647601183
16,0.9136098619240244
17,0.9123593252129896
18,0.9207410566992836
19,0.9290501909561366
20,0.9257098709633681
21,0.9255434905425866
22,0.931785722356557
23,0.9501384149510745
24,0.9497898352579602
25,0.9550984723509073
26,0.9535840997943549
27,0.961456238277101
28,0.9504288038688392
29,0.9611152855302706
30,0.9611808207724118
31,0.9675018643646471
32,0.9644539106460872
33,0.9701605613432465
34,0.9640366884364194
35,0.9745533999231656
36,0.9701560416713747
37,0.9754773903414613
38,0.9769437413843756
39,0.9780194232898692
40,0.9781332625251407
41,0.9754338884996949
42,0.9778663194052113
43,0.9793312580506655
44,0.9787137578811779
45,0.9784795823823191
46,0.9787945470158868
47,0.9792883211678834
48,0.9806738830760887
49,0.9790999073467267
50,0.9817227294298434
51,0.9823385347223791
52,0.9854975028812909
53,0.9816439176515785
54,0.9898818670764502
55,0.9883124110189601
56,0.9895674674018669
57,0.9893025016383812
58,0.9908374951978487
59,0.9894979774468373
60,0.9919911414431312
61,0.9937306501547989
62,0.992760333099817
63,0.9908456871031163
64,0.9925696594427244
65,0.9939224537298592
66,0.9949594359449504
67,0.9923852003344557
68,0.994997005717385
69,0.9952297688187837
70,0.9957678922510226
71,0.9966529004994238
72,0.9963051682447854
73,0.9953074506790808
74,0.9964599670063953
75,0.9969986553976181
76,0.9966543128968837
77,0.9965780434340468
78,0.9967328421956566
79,0.9969235158527491
80,0.997308252920838
81,0.9958848387607059
82,0.9965017739712095
83,0.9955402137804796
84,0.9967325597161647
85,0.9949261033648957
86,0.9956938826241215
87,0.9955427560959075
88,0.9960031976678494
89,0.9955040564055049
90,0.9973079704413459
91,0.9956958599805654
92,0.9971545840771959
93,0.9963865223384782
94,0.9978847935639873
95,0.9965410386205962
96,0.9975766084382274
97,0.9958879460351179
98,0.9972322659374928
99,0.9975393211452849
100,0.9976158730876138
101,0.9980384624076292
102,0.9976557026959842
103,0.998039309846105
104,0.9981531490813766
105,0.9984621816456125
106,0.998345517615421
107,0.9983850647442996
108,0.9983853472237915
109,0.9986929673905675
110,0.9987692368534045
111,0.9983847822648075
112,0.9987698018123885
113,0.9976562676549683
114,0.9985398635059095
115,0.9977333845562812
116,0.9985774332783439
117,0.9977319721588213
118,0.9988469187137013
119,0.9971559964746559
120,0.9988090664617747
121,0.9979234932543897
122,0.9992689430747328
123,0.9976155906081219
124,0.9991932385708797
125,0.9980378974486452
126,0.9988449413572574
127,0.9973853698221508
128,0.9985751734424081
129,0.9985754559219002
130,0.9982667058371563
131,0.9984602042891686
132,0.9986892951571715
133,0.9985376036699736
134,0.9985364737520056
135,0.9978062642652145
136,0.9983833698673477
137,0.9979593681498724
138,0.9986141556123027
139,0.9984610517276444
140,0.998575738401392
141,0.9986918374725995
142,0.9986147205712864
143,0.9974229395945855
144,0.9985774332783439
145,0.9978836636460192
146,0.9987686718944204
147,0.9969986553976181
148,0.9991926736118959
149,0.9980003276762108
150,0.9988082190232989
151,0.9984618991661206
152,0.9984989039795712
153,0.9984618991661206
154,0.998807371584823
155,0.9985381686289575
156,0.9987683894149285
157,0.9981144493909742
158,0.9987294072450341
159,0.9986150030507787
160,0.9987669770174685
161,0.9987672594969605
162,0.9985361912725136
163,0.9981511717249327
164,0.9979599331088563
165,0.9981907188538113
166,0.9983071004045107
167,0.9977288648844095
168,0.9981924137307632
169,0.9980763146595557
170,0.9983449526564371
171,0.9980370500101692
172,0.9979977853607828
173,0.9981147318704663
174,0.9976898827145149
175,0.9977294298433934
176,0.9979613455063163
177,0.9979986327992588
178,0.997614178210662
179,0.9979599331088563
180,0.9981915662922871
181,0.9984200922013061
182,0.9978830986870353
183,0.9978056993062303
184,0.9981539965198525
185,0.9982664233576642
186,0.9980350726537253
187,0.9978833811665273
188,0.9978845110844953
189,0.9980754672210796
190,0.9982285711057377
191,0.9979217983774378
192,0.9981528666018846
193,0.9981525841223927
194,0.9983828049083636
195,0.9978830986870353
196,0.9978833811665273
197,0.9984209396397821
198,0.997459379449052
199,0.9978449639556167
200,0.9974215271971254
201,0.9979599331088563
202,0.9973438453368285
203,0.997536213870873
204,0.9973438453368285
205,0.9970359426905606
206,0.9969969605206661
207,0.9974989265779304
208,0.9971130595918737
209,0.9975737836433074
210,0.9972280287451131
211,0.997997785360783
212,0.9969966780411743
213,0.9973057106054102
214,0.9976116358952339
215,0.9976511830241126
216,0.9974203972791574
217,0.9977268875279656
218,0.9977282999254256
219,0.9971887640957267
220,0.9969206910578292
221,0.9972667284355156
222,0.9970743599014712
223,0.9971879166572506
224,0.9970721000655353
225,0.9971893290547106
226,0.9968800140109828
227,0.9971116471944136
228,0.996799507355766
229,0.9975735011638154
230,0.9973831099862149
231,0.9968410318410884
232,0.9975732186843235
233,0.9971494994463402
234,0.9960718401844026
235,0.9967667397346952
236,0.9963788953921945
237,0.9974966667419946
238,0.9958783417323902
239,0.9971881991367427
240,0.9957647849766108
241,0.9978042869087703
242,0.996648945786536
243,0.9965723938442069
244,0.9964543174165555
245,0.9972650335585638
246,0.9955712865245984
247,0.9967644798987594
248,0.9968413143205804
249,0.9966495107455199
250,0.9968407493615963
251,0.9966099636166413
252,0.9971139070303497
253,0.9968418792795644
254,0.9966879279564302
255,0.996418442521073
256,0.9964975367788298
257,0.9967257802083569
258,0.9966503581839958
259,0.9970353777315768
260,0.9968026146301778
261,0.9969980904386342
262,0.997458814490068
263,0.9971896115342027
264,0.9967653273372352
265,0.9974599444080361
266,0.9966110935346094
267,0.9970350952520846
268,0.9959961356805496
269,0.9969206910578292
270,0.995379200470046
271,0.996420137398025
272,0.9958797541298502
273,0.9966503581839958
274,0.9961509344421596
275,0.9969206910578292
276,0.9960345528914599
277,0.9971517592822762
278,0.996264491197939
279,0.9957630900996588
280,0.9959560235926872
281,0.9967664572552032
282,0.9964181600415809
283,0.9964178775620891
284,0.9962274863844884
285,0.9962263564665206
286,0.9966873629974465
287,0.9969582608302637
288,0.9964969718198459
289,0.9958029197080291
290,0.9959574359901471
291,0.9964582721294434
292,0.9963797428306705
293,0.9971528892002441
294,0.9961907640505299
295,0.9969201260988452
296,0.9955337167521637
297,0.9966893403538902
298,0.9956102686944928
299,0.996648945786536
300,0.9954574472893268
301,0.9965359539897403
302,0.9957272152041762
303,0.9963404781812841
304,0.996189069173578
305,0.9967670222141873
306,0.9956876680752977
307,0.996726627646833
308,0.9965351065512644
309,0.9959978305575016
310,0.9963060156832613
311,0.9961111048337891
312,0.9960718401844026
313,0.9958421843574156
314,0.9957633725791506
315,0.9958046145849812
316,0.996186809337642
317,0.996189634132562
318,0.9955710040451062
319,0.9952619714808705
320,0.9954952995412534
321,0.9963828501050823
322,0.9963803077896547
323,0.9965359539897403
324,0.996188504214594
325,0.9963825676255904
326,0.9957633725791506
327,0.9962647736774312
328,0.9953407832591352
329,0.9969198436193534
330,0.9957269327246842
331,0.9964187250005649
332,0.9955732638810421
333,0.996264491197939
334,0.9958800366093422
335,0.9965328467153285
336,0.9960362477684122
337,0.9963822851460984
338,0.996188786694086
339,0.9961498045241916
340,0.9955718514835821
341,0.9961887866940862
342,0.995455752412375
343,0.995227508982848
344,0.9957664798535626
345,0.9951105624731644
346,0.9955334342726718
347,0.9955342817111479
348,0.9960726876228787
349,0.9961509344421596
350,0.9960738175408466
351,0.995454622494407
352,0.9953390883821835
353,0.9956902103907256
354,0.9951865494565096
355,0.99491960633658
356,0.995150392081535
357,0.9956506632618473
358,0.9956879505547898
359,0.9951102799936724
360,0.9952266615443719
361,0.9952636663578225
362,0.9958803190888341
363,0.9956099862150009
364,0.9955724164425662
365,0.9951489796840749
366,0.9955348466701317
367,0.9956492508643873
368,0.9956498158233712
369,0.9946874081941651
370,0.9952631013988386
371,0.995225531626404
372,0.9951871144154936
373,0.9957630900996588
374,0.9948388172018712
375,0.9955721339630743
376,0.9953026485277169
377,0.9949571761090145
378,0.9951470023276311
379,0.9950710153442861
380,0.9956478384669273
381,0.9950325981333755
382,0.9947246954871076
383,0.9947622652595423
384,0.9953797654290298
385,0.9953023660482249
386,0.9943769632324694
387,0.995147284807123
388,0.9951865494565094
389,0.9957241079297644
390,0.9949955933199248
391,0.9958404894804638
392,0.9947246954871076
393,0.9952645137962983
394,0.9948393821608551
395,0.9957272152041764
396,0.9957266502451922
397,0.9951484147250909
398,0.9950317506948995
399,0.9942628415177058
400,0.9947619827800501
401,0.9945309145556033
402,0.9948001175114687
403,0.9949546337935867
404,0.9951464373686469
405,0.9946837359607692
406,0.9949540688346026
407,0.9949557637115547
408,0.9952631013988386
409,0.9947246954871076
410,0.9944927798241847
411,0.9950345754898194
412,0.994994745881449
413,0.9954582947278027
414,0.9951876793744774
415,0.9954936046643013
416,0.9948390996813631
417,0.9948410770378071
418,0.9945314795145872
419,0.9954560348918668
420,0.9943410883369868
421,0.9948402295993312
422,0.9949936159634811
423,0.9951478497661069
424,0.9949193238570879
425,0.9941481548439584
426,0.9942238593478114
427,0.9957277801631601
428,0.9944560574902264
429,0.9947215882126959
430,0.9942992813721723
431,0.9944927798241847
432,0.9943769632324694
433,0.9950303382974395
434,0.9951091500757044
435,0.9945328919120472
436,0.9949164990621681
437,0.9945306320761113
438,0.9949554812320626
439,0.9946840184402612
440,0.9946069015389482
441,0.9950317506948995
442,0.9950320331743916
443,0.9954563173713588
444,0.9944540801337822
445,0.995224684187928
446,0.9945326094325553
447,0.9950704503853022
448,0.9939942035208243
449,0.9951088675962125
450,0.9940309258547829
451,0.995148979684075
452,0.9944543626132741
453,0.9954173352014646
454,0.9942625590382139
455,0.9952636663578225
456,0.9943015412081083
457,0.9949170640211522
458,0.994030078416307
459,0.9946074664979323
460,0.9944916499062169
461,0.9941837472599488
462,0.9941834647804569
463,0.9947246954871076
464,0.9938385573207384
465,0.9945713091229577
466,0.9944916499062166
467,0.994105500440668
468,0.9941052179611759
469,0.9937992926713521
470,0.9946085964159004
471,0.9941857246163928
472,0.9945297846376352
473,0.9946865607556893
474,0.9944150979638877
475,0.9944936272626608
476,0.9942619940792298
477,0.9942227294298434
478,0.9931439402499379
479,0.995224119228944
480,0.9933391335789021
481,0.9948029423063884
482,0.9942614291202458
483,0.9949910736480531
484,0.99380042258932
485,0.9947631126980182
486,0.9937221757700391
487,0.9952227068314841
488,0.995069885426318
489,0.9939526790355021
490,0.9941848771779169
491,0.9947625477390343
492,0.9942989988926805
493,0.9942608641612619
494,0.9945679193690538
495,0.9946060541004723
496,0.994183747259949
497,0.9938374274027705
498,0.9936814987231928
499,0.9945690492870218
500,0.9942973040157284
