k,genes,lgbm_auc,lr_auc,best_individual_auc,synergy_score
3,INKA1 | ENSG00000268955 | MMD2,0.7637,0.7239,0.5968,0.1668
3,ENSG00000268955 | MMD2 | EDN3,0.7572,0.7345,0.5968,0.1603
3,ENSG00000268955 | ENSG00000280217 | WHAMMP4,0.7467,0.7165,0.5943,0.1524
3,ENSG00000268955 | MMD2 | ENSG00000286011,0.7458,0.7277,0.5968,0.149
3,ENSG00000268955 | NDST1 | SHKBP1,0.7416,0.7194,0.5754,0.1662
3,ENSG00000268955 | LSR | EDN3,0.7368,0.7014,0.5754,0.1614
3,ENSG00000268955 | ENSG00000286159 | PSTPIP1,0.736,0.7159,0.5845,0.1514
3,CKMT2 | ENSG00000268955 | ENSG00000286011,0.7357,0.7153,0.5916,0.1441
3,ENSG00000268955 | MMD2 | WHAMMP4,0.7349,0.7188,0.5968,0.1381
3,ENSG00000268955 | MYH14 | C14orf93,0.7339,0.7147,0.5754,0.1585
3,ENSG00000268955 | MYH14 | MACROD1,0.7282,0.7015,0.5754,0.1528
3,NDST1 | EDN3 | SHKBP1,0.728,0.6977,0.5624,0.1656
3,ENSG00000268955 | MYH14 | NOSIP,0.7262,0.7024,0.5757,0.1505
3,MMD2 | EDN3 | PSTPIP1,0.7247,0.7255,0.5968,0.1279
3,ENSG00000268955 | OAS2 | XAF1,0.7236,0.7191,0.5754,0.1482
3,ENSG00000286065 | ENSG00000268955 | PSTPIP1,0.7218,0.7148,0.5845,0.1373
3,ENSG00000268955 | KCNE2 | ENSG00000280217,0.7191,0.7271,0.5943,0.1248
3,INKA1 | ENSG00000268955 | LSR,0.7173,0.7119,0.5775,0.1398
3,ENSG00000286065 | TM4SF18 | PSTPIP1,0.7159,0.7199,0.5882,0.1276
3,NDST1 | LSR | SHKBP1,0.7142,0.6998,0.563,0.1512
3,EDN1 | NDST1 | SHKBP1,0.714,0.698,0.5624,0.1516
3,GUCY2D | ENSG00000268955 | ENSG00000280217,0.7115,0.7243,0.5943,0.1173
3,ENSG00000268955 | SFRP1 | DACT2,0.7093,0.7291,0.5875,0.1218
3,MMD2 | ENSG00000226747 | EDN3,0.708,0.7222,0.5968,0.1112
3,ENSG00000268955 | ENSG00000280217 | MACROD1,0.7069,0.7185,0.5943,0.1126
3,ENSG00000268955 | LSR | MACROD1,0.7061,0.6978,0.5754,0.1307
3,MMD2 | EDN3 | SHKBP1,0.7051,0.7253,0.5968,0.1082
3,FUT3 | ENSG00000268955 | ENSG00000273226,0.7049,0.6987,0.5754,0.1294
3,GUCY2D | ENSG00000268955 | MMD2,0.7047,0.7228,0.5968,0.1079
3,MRO | NDST1 | SHKBP1,0.7035,0.6858,0.5624,0.1411
3,ENSG00000268955 | ENSG00000286159 | SHKBP1,0.7029,0.7125,0.5754,0.1275
3,CKMT2 | ENSG00000268955 | ENSG00000278212,0.7021,0.714,0.5891,0.113
3,ENSG00000268955 | ENSG00000273226 | MACROD1,0.7019,0.6974,0.5754,0.1265
3,ENSG00000256588 | NDST1 | SHKBP1,0.6985,0.686,0.5624,0.1361
3,TNFRSF13B | NDST1 | SHKBP1,0.6969,0.6853,0.5624,0.1345
3,LSR | MMD2 | EDN3,0.6958,0.7198,0.5968,0.0989
3,GUCY2D | ENSG00000268955 | ENSG00000264490,0.6948,0.7108,0.5867,0.1081
3,NDST1 | ENSG00000226747 | SHKBP1,0.6944,0.7078,0.5853,0.1091
3,ENSG00000286065 | ENSG00000226747 | PSTPIP1,0.6941,0.708,0.5853,0.1088
3,MRO | MMD2 | EDN3,0.6934,0.722,0.5968,0.0965
3,ENSG00000286065 | ENSG00000264490 | PSTPIP1,0.6922,0.7123,0.5867,0.1055
3,ENSG00000272123 | NDST1 | SHKBP1,0.6905,0.6871,0.5648,0.1257
3,MYH14 | SHKBP1 | MACROD1,0.6903,0.6991,0.5667,0.1236
3,ENSG00000286065 | ENSG00000268955 | OAS2,0.6879,0.7145,0.5845,0.1034
3,ENSG00000268955 | OAS3 | OAS2,0.6849,0.717,0.5754,0.1095
3,MMD2 | ENSG00000280217 | EDN3,0.6828,0.7194,0.5968,0.0859
3,LINC01447 | MMD2 | EDN3,0.6826,0.7293,0.5995,0.0831
3,DHCR24 | MYH14 | C14orf93,0.6813,0.6872,0.5625,0.1188
3,NDST1 | SDS | SHKBP1,0.6787,0.6883,0.5624,0.1163
3,ENSG00000286065 | MYH14 | PSTPIP1,0.6768,0.7076,0.5845,0.0922
3,OAS3 | OAS2 | ENSG00000267074,0.6721,0.7162,0.5933,0.0788
3,ENSG00000286065 | OAS2 | ENSG00000264490,0.6702,0.7097,0.5867,0.0835
3,ENSG00000237027 | MMD2 | EDN3,0.6698,0.72,0.5968,0.073
3,GUCY2D | ENSG00000268955 | XAF1,0.6681,0.7039,0.5809,0.0872
3,ENSG00000279656 | OAS3 | OAS2,0.6672,0.6896,0.5569,0.1103
3,MYH14 | LSR | SHKBP1,0.6658,0.6881,0.563,0.1028
3,ENSG00000286241 | NDST1 | SHKBP1,0.6642,0.6857,0.5624,0.1018
3,NDST1 | HLA-DPB2 | SHKBP1,0.6622,0.6862,0.5624,0.0998
3,ENSG00000286065 | PSTPIP1 | BOC,0.6593,0.7083,0.5845,0.0748
3,MYH14 | SFRP1 | SHKBP1,0.6557,0.6993,0.576,0.0796
3,ENSG00000286065 | ENSG00000279711 | PSTPIP1,0.6551,0.7095,0.5847,0.0703
3,BMP10 | NDST1 | SHKBP1,0.6537,0.6955,0.5624,0.0913
3,NDST1 | CASS4 | SHKBP1,0.6516,0.6856,0.5624,0.0892
3,OAS3 | OAS2 | MACROD1,0.6496,0.6959,0.5667,0.0829
3,NDST1 | C14orf93 | SHKBP1,0.6485,0.6852,0.5625,0.086
3,FAM30A | NDST1 | SHKBP1,0.6466,0.6869,0.5624,0.0842
3,OAS3 | EDN1 | OAS2,0.6465,0.6839,0.5569,0.0896
3,SMAD6 | OAS2 | XAF1,0.6453,0.7045,0.5815,0.0638
3,OAS3 | KCNQ1-AS1 | OAS2,0.643,0.6818,0.5569,0.0861
3,OAS3 | OAS2 | SDS,0.6391,0.6894,0.5569,0.0822
3,NR4A1 | OAS3 | OAS2,0.6363,0.6788,0.5569,0.0795
3,OAS3 | GATD3 | OAS2,0.6356,0.6788,0.5569,0.0787
3,OAS3 | BMP10 | OAS2,0.6344,0.68,0.5569,0.0775
3,OAS3 | OAS2 | LOC102724652,0.6299,0.6987,0.5692,0.0607
3,ABCG2 | OAS3 | OAS2,0.6297,0.6848,0.5569,0.0728
3,ENSG00000286065 | OAS3 | OAS2,0.6283,0.72,0.5845,0.0437
3,MYH14 | C14orf93 | SHKBP1,0.6281,0.6981,0.5625,0.0656
3,OAS3 | OAS2 | LSR,0.6271,0.687,0.563,0.0641
3,OAS3 | OAS2 | DPH1-AS1,0.6256,0.6871,0.5569,0.0688
3,CMAHP | MYH14 | SHKBP1,0.6253,0.6869,0.5624,0.0629
3,OAS3 | OAS2 | IFIT3,0.6244,0.6791,0.5569,0.0675
3,OAS3 | TNFRSF13B | OAS2,0.6221,0.6837,0.5575,0.0645
3,HSH2D | OAS3 | OAS2,0.6209,0.68,0.5569,0.064
3,ENSG00000286065 | OAS2 | XAF1,0.619,0.7134,0.5845,0.0345
3,OAS3 | ENSG00000286241 | OAS2,0.6187,0.6911,0.5582,0.0605
3,OAS3 | OAS2 | SNORA47,0.618,0.6796,0.5569,0.0611
3,OAS3 | OAS2 | CASS4,0.6103,0.69,0.5569,0.0534
3,OAS3 | OAS2 | CKLF-CMTM1,0.6098,0.6835,0.5569,0.0529
3,OAS3 | OAS2 | LINC02249,0.6082,0.6882,0.5569,0.0513
3,ADGRG5 | OAS3 | OAS2,0.6073,0.6845,0.5569,0.0504
3,OAS3 | OAS2 | ENSG00000280429,0.6062,0.6839,0.5569,0.0493
3,OAS3 | OAS2 | ENSG00000257878,0.6041,0.6789,0.5569,0.0473
3,OAS3 | OAS2 | ENSG00000272123,0.603,0.6895,0.5648,0.0382
3,SLFN13 | OAS3 | OAS2,0.6009,0.6789,0.5569,0.044
3,OAS3 | FAM30A | OAS2,0.5929,0.694,0.5569,0.036
3,OAS3 | OAS2 | ENSG00000251379,0.5916,0.6801,0.5569,0.0347
3,OAS3 | OAS2 | RPL7L1P9,0.591,0.697,0.5647,0.0262
3,OAS3 | CMAHP | OAS2,0.5887,0.6845,0.5569,0.0318
3,MAP3K2-DT | OAS3 | OAS2,0.582,0.6904,0.5569,0.0251
3,OAS3 | OAS2 | TRGC2,0.5769,0.6791,0.5569,0.02
