k,genes,combo_auc,best_individual_auc,synergy_score
2,ANGPT2 | ENSG00000279656,0.6456,0.5986,0.047
2,SNORD97 | NR4A1,0.6431,0.5698,0.0733
2,SNORD97 | ENSG00000279656,0.6358,0.5698,0.066
2,TINAGL1 | ENSG00000279656,0.6353,0.5198,0.1155
2,ENSG00000279656 | LOC112268270,0.6344,0.5144,0.12
2,TINAGL1 | NR4A1,0.6261,0.5473,0.0788
2,MAP3K2-DT | NR4A1,0.6231,0.5473,0.0758
2,NR4A1 | ENSG00000279656,0.6184,0.5473,0.0711
2,SMG1P5 | TINAGL1,0.6109,0.5198,0.0911
2,NR4A1 | LOC112268270,0.6087,0.5473,0.0614
2,CKMT2 | NR4A1,0.608,0.5891,0.0189
2,ANGPT2 | NR4A1,0.6076,0.5986,0.009
2,ANGPT2 | SNORD97,0.6046,0.5986,0.006
2,SMG1P5 | ENSG00000279656,0.6033,0.511,0.0923
2,SMG1P5 | NR4A1,0.6018,0.5473,0.0545
2,ANGPT2 | LOC112268270,0.5994,0.5986,0.0008
2,CKMT2 | ENSG00000279656,0.5989,0.5891,0.0098
2,ANGPT2 | CKMT2,0.5935,0.5986,-0.0051
2,SNORD97 | CKMT2,0.5909,0.5891,0.0018
2,MAP3K2-DT | ENSG00000279656,0.5903,0.5421,0.0482
2,SNORD97 | LOC112268270,0.5902,0.5698,0.0204
2,ANGPT2 | MAP3K2-DT,0.5797,0.5986,-0.0189
2,ANGPT2 | TINAGL1,0.5639,0.5986,-0.0347
2,MAP3K2-DT | CKMT2,0.5622,0.5891,-0.0269
2,SMG1P5 | SNORD97,0.5605,0.5698,-0.0093
2,CKMT2 | LOC112268270,0.5597,0.5891,-0.0294
2,SMG1P5 | CKMT2,0.5594,0.5891,-0.0297
2,SMG1P5 | LOC112268270,0.5554,0.5144,0.041
2,SNORD97 | TINAGL1,0.5525,0.5698,-0.0173
2,SMG1P5 | ANGPT2,0.551,0.5986,-0.0476
2,TINAGL1 | LOC112268270,0.5491,0.5198,0.0293
2,MAP3K2-DT | TINAGL1,0.5486,0.5421,0.0065
2,MAP3K2-DT | SNORD97,0.5457,0.5698,-0.0241
2,TINAGL1 | CKMT2,0.5447,0.5891,-0.0444
2,SMG1P5 | MAP3K2-DT,0.5362,0.5421,-0.0059
2,MAP3K2-DT | LOC112268270,0.5117,0.5421,-0.0304
3,ANGPT2 | ENSG00000279656 | LOC112268270,0.6715,0.5986,0.0729
3,ANGPT2 | MAP3K2-DT | NR4A1,0.6704,0.5986,0.0718
3,ANGPT2 | SNORD97 | ENSG00000279656,0.6691,0.5986,0.0705
3,MAP3K2-DT | CKMT2 | NR4A1,0.6654,0.5891,0.0763
3,ANGPT2 | TINAGL1 | ENSG00000279656,0.6628,0.5986,0.0642
3,TINAGL1 | CKMT2 | NR4A1,0.6621,0.5891,0.073
3,SNORD97 | TINAGL1 | ENSG00000279656,0.6598,0.5698,0.09
3,SNORD97 | NR4A1 | ENSG00000279656,0.6593,0.5698,0.0895
3,SMG1P5 | ANGPT2 | ENSG00000279656,0.6559,0.5986,0.0573
3,TINAGL1 | NR4A1 | ENSG00000279656,0.6555,0.5473,0.1082
3,MAP3K2-DT | SNORD97 | NR4A1,0.6551,0.5698,0.0853
3,ANGPT2 | NR4A1 | ENSG00000279656,0.653,0.5986,0.0544
3,TINAGL1 | ENSG00000279656 | LOC112268270,0.6519,0.5198,0.1321
3,SNORD97 | TINAGL1 | NR4A1,0.6499,0.5698,0.0801
3,MAP3K2-DT | TINAGL1 | NR4A1,0.6496,0.5473,0.1023
3,SMG1P5 | TINAGL1 | ENSG00000279656,0.648,0.5198,0.1282
3,TINAGL1 | NR4A1 | LOC112268270,0.6406,0.5473,0.0933
3,ANGPT2 | MAP3K2-DT | ENSG00000279656,0.6402,0.5986,0.0416
3,SNORD97 | CKMT2 | NR4A1,0.6399,0.5891,0.0508
3,ANGPT2 | CKMT2 | ENSG00000279656,0.6398,0.5986,0.0412
3,NR4A1 | ENSG00000279656 | LOC112268270,0.6394,0.5473,0.0921
3,SNORD97 | NR4A1 | LOC112268270,0.6381,0.5698,0.0683
3,SNORD97 | ENSG00000279656 | LOC112268270,0.6364,0.5698,0.0666
3,MAP3K2-DT | NR4A1 | ENSG00000279656,0.6363,0.5473,0.089
3,ANGPT2 | SNORD97 | NR4A1,0.6354,0.5986,0.0368
3,ANGPT2 | TINAGL1 | NR4A1,0.6349,0.5986,0.0363
3,TINAGL1 | CKMT2 | ENSG00000279656,0.6344,0.5891,0.0453
3,SMG1P5 | TINAGL1 | NR4A1,0.6342,0.5473,0.0869
3,SMG1P5 | TINAGL1 | CKMT2,0.6323,0.5891,0.0432
3,ANGPT2 | MAP3K2-DT | CKMT2,0.6314,0.5986,0.0328
3,SMG1P5 | SNORD97 | ENSG00000279656,0.6311,0.5698,0.0613
3,CKMT2 | NR4A1 | ENSG00000279656,0.6311,0.5891,0.042
3,ANGPT2 | SNORD97 | CKMT2,0.6308,0.5986,0.0322
3,SMG1P5 | NR4A1 | ENSG00000279656,0.6304,0.5473,0.0831
3,SMG1P5 | CKMT2 | NR4A1,0.6288,0.5891,0.0397
3,SMG1P5 | SNORD97 | NR4A1,0.6285,0.5698,0.0587
3,MAP3K2-DT | TINAGL1 | ENSG00000279656,0.6284,0.5421,0.0863
3,SNORD97 | CKMT2 | ENSG00000279656,0.6273,0.5891,0.0382
3,MAP3K2-DT | CKMT2 | ENSG00000279656,0.6271,0.5891,0.038
3,SMG1P5 | CKMT2 | ENSG00000279656,0.6262,0.5891,0.0371
3,SMG1P5 | TINAGL1 | LOC112268270,0.6252,0.5198,0.1054
3,SMG1P5 | NR4A1 | LOC112268270,0.6243,0.5473,0.077
3,CKMT2 | NR4A1 | LOC112268270,0.6222,0.5891,0.0331
3,SMG1P5 | ENSG00000279656 | LOC112268270,0.6219,0.5144,0.1075
3,MAP3K2-DT | NR4A1 | LOC112268270,0.6195,0.5473,0.0722
3,ANGPT2 | CKMT2 | NR4A1,0.6187,0.5986,0.0201
3,SMG1P5 | ANGPT2 | TINAGL1,0.6183,0.5986,0.0197
3,CKMT2 | ENSG00000279656 | LOC112268270,0.6162,0.5891,0.0271
3,SMG1P5 | MAP3K2-DT | TINAGL1,0.6147,0.5421,0.0726
3,SMG1P5 | MAP3K2-DT | NR4A1,0.6133,0.5473,0.066
3,SMG1P5 | ANGPT2 | NR4A1,0.6116,0.5986,0.013
3,ANGPT2 | SNORD97 | LOC112268270,0.6116,0.5986,0.013
3,MAP3K2-DT | ENSG00000279656 | LOC112268270,0.6097,0.5421,0.0676
3,ANGPT2 | MAP3K2-DT | TINAGL1,0.608,0.5986,0.0094
3,ANGPT2 | MAP3K2-DT | LOC112268270,0.6069,0.5986,0.0083
3,ANGPT2 | MAP3K2-DT | SNORD97,0.6057,0.5986,0.0071
3,ANGPT2 | CKMT2 | LOC112268270,0.6053,0.5986,0.0067
3,MAP3K2-DT | SNORD97 | ENSG00000279656,0.6047,0.5698,0.0349
3,ANGPT2 | NR4A1 | LOC112268270,0.6044,0.5986,0.0058
3,ANGPT2 | TINAGL1 | LOC112268270,0.6043,0.5986,0.0057
3,SMG1P5 | SNORD97 | CKMT2,0.5999,0.5891,0.0108
3,SMG1P5 | MAP3K2-DT | ENSG00000279656,0.5996,0.5421,0.0575
3,SMG1P5 | SNORD97 | TINAGL1,0.5981,0.5698,0.0283
3,MAP3K2-DT | SNORD97 | CKMT2,0.5956,0.5891,0.0065
3,ANGPT2 | TINAGL1 | CKMT2,0.5951,0.5986,-0.0035
3,ANGPT2 | SNORD97 | TINAGL1,0.5917,0.5986,-0.0069
3,SMG1P5 | ANGPT2 | CKMT2,0.5853,0.5986,-0.0133
3,SMG1P5 | ANGPT2 | SNORD97,0.5847,0.5986,-0.0139
3,MAP3K2-DT | TINAGL1 | CKMT2,0.5831,0.5891,-0.006
3,SNORD97 | CKMT2 | LOC112268270,0.5823,0.5891,-0.0068
3,SMG1P5 | MAP3K2-DT | CKMT2,0.5813,0.5891,-0.0078
3,SNORD97 | TINAGL1 | CKMT2,0.5753,0.5891,-0.0138
3,SMG1P5 | ANGPT2 | MAP3K2-DT,0.5748,0.5986,-0.0238
3,SMG1P5 | CKMT2 | LOC112268270,0.5746,0.5891,-0.0145
3,MAP3K2-DT | SNORD97 | TINAGL1,0.5742,0.5698,0.0044
3,SMG1P5 | SNORD97 | LOC112268270,0.5738,0.5698,0.004
3,SNORD97 | TINAGL1 | LOC112268270,0.5694,0.5698,-0.0004
3,SMG1P5 | ANGPT2 | LOC112268270,0.5679,0.5986,-0.0307
3,SMG1P5 | MAP3K2-DT | SNORD97,0.5564,0.5698,-0.0134
3,TINAGL1 | CKMT2 | LOC112268270,0.5541,0.5891,-0.035
3,MAP3K2-DT | TINAGL1 | LOC112268270,0.5521,0.5421,0.01
3,MAP3K2-DT | SNORD97 | LOC112268270,0.548,0.5698,-0.0218
3,MAP3K2-DT | CKMT2 | LOC112268270,0.5473,0.5891,-0.0418
3,SMG1P5 | MAP3K2-DT | LOC112268270,0.541,0.5421,-0.0011
4,TINAGL1 | CKMT2 | NR4A1 | ENSG00000279656,0.6914,0.5891,0.1023
4,ANGPT2 | MAP3K2-DT | CKMT2 | NR4A1,0.6906,0.5986,0.092
4,MAP3K2-DT | TINAGL1 | CKMT2 | NR4A1,0.6897,0.5891,0.1006
4,MAP3K2-DT | SNORD97 | CKMT2 | NR4A1,0.6896,0.5891,0.1005
4,ANGPT2 | MAP3K2-DT | SNORD97 | NR4A1,0.6878,0.5986,0.0892
4,ANGPT2 | MAP3K2-DT | NR4A1 | ENSG00000279656,0.6875,0.5986,0.0889
4,SMG1P5 | TINAGL1 | CKMT2 | NR4A1,0.6868,0.5891,0.0977
4,ANGPT2 | SNORD97 | ENSG00000279656 | LOC112268270,0.6857,0.5986,0.0871
4,MAP3K2-DT | SNORD97 | NR4A1 | ENSG00000279656,0.6831,0.5698,0.1133
4,ANGPT2 | SNORD97 | TINAGL1 | ENSG00000279656,0.6817,0.5986,0.0831
4,ANGPT2 | MAP3K2-DT | TINAGL1 | NR4A1,0.6811,0.5986,0.0825
4,MAP3K2-DT | CKMT2 | NR4A1 | ENSG00000279656,0.6803,0.5891,0.0912
4,ANGPT2 | SNORD97 | NR4A1 | ENSG00000279656,0.6789,0.5986,0.0803
4,ANGPT2 | TINAGL1 | CKMT2 | ENSG00000279656,0.6788,0.5986,0.0802
4,ANGPT2 | TINAGL1 | ENSG00000279656 | LOC112268270,0.678,0.5986,0.0794
4,SMG1P5 | TINAGL1 | ENSG00000279656 | LOC112268270,0.6772,0.5198,0.1574
4,ANGPT2 | TINAGL1 | NR4A1 | ENSG00000279656,0.677,0.5986,0.0784
4,SMG1P5 | ANGPT2 | TINAGL1 | ENSG00000279656,0.6763,0.5986,0.0777
4,SNORD97 | TINAGL1 | NR4A1 | ENSG00000279656,0.676,0.5698,0.1062
4,SMG1P5 | TINAGL1 | NR4A1 | LOC112268270,0.6744,0.5473,0.1271
4,MAP3K2-DT | TINAGL1 | NR4A1 | ENSG00000279656,0.6724,0.5473,0.1251
4,ANGPT2 | SNORD97 | CKMT2 | ENSG00000279656,0.6691,0.5986,0.0705
4,SMG1P5 | SNORD97 | TINAGL1 | ENSG00000279656,0.6688,0.5698,0.099
4,SMG1P5 | ANGPT2 | MAP3K2-DT | NR4A1,0.6677,0.5986,0.0691
4,TINAGL1 | NR4A1 | ENSG00000279656 | LOC112268270,0.6667,0.5473,0.1194
4,ANGPT2 | MAP3K2-DT | SNORD97 | ENSG00000279656,0.666,0.5986,0.0674
4,ANGPT2 | MAP3K2-DT | CKMT2 | ENSG00000279656,0.666,0.5986,0.0674
4,SMG1P5 | ANGPT2 | NR4A1 | ENSG00000279656,0.6658,0.5986,0.0672
4,MAP3K2-DT | SNORD97 | TINAGL1 | NR4A1,0.6658,0.5698,0.096
4,SNORD97 | TINAGL1 | CKMT2 | NR4A1,0.6657,0.5891,0.0766
4,SMG1P5 | TINAGL1 | CKMT2 | ENSG00000279656,0.6656,0.5891,0.0765
4,ANGPT2 | MAP3K2-DT | ENSG00000279656 | LOC112268270,0.6654,0.5986,0.0668
4,SMG1P5 | TINAGL1 | NR4A1 | ENSG00000279656,0.6634,0.5473,0.1161
4,SMG1P5 | ANGPT2 | SNORD97 | ENSG00000279656,0.6626,0.5986,0.064
4,SMG1P5 | ANGPT2 | ENSG00000279656 | LOC112268270,0.6625,0.5986,0.0639
4,ANGPT2 | TINAGL1 | NR4A1 | LOC112268270,0.6624,0.5986,0.0638
4,SNORD97 | TINAGL1 | CKMT2 | ENSG00000279656,0.6624,0.5891,0.0733
4,SMG1P5 | SNORD97 | NR4A1 | ENSG00000279656,0.6616,0.5698,0.0918
4,ANGPT2 | MAP3K2-DT | NR4A1 | LOC112268270,0.6615,0.5986,0.0629
4,SNORD97 | CKMT2 | NR4A1 | ENSG00000279656,0.6606,0.5891,0.0715
4,ANGPT2 | MAP3K2-DT | TINAGL1 | ENSG00000279656,0.66,0.5986,0.0614
4,SMG1P5 | MAP3K2-DT | CKMT2 | NR4A1,0.6598,0.5891,0.0707
4,SMG1P5 | MAP3K2-DT | TINAGL1 | NR4A1,0.6588,0.5473,0.1115
4,ANGPT2 | CKMT2 | NR4A1 | ENSG00000279656,0.6587,0.5986,0.0601
4,TINAGL1 | CKMT2 | NR4A1 | LOC112268270,0.6584,0.5891,0.0693
4,SMG1P5 | MAP3K2-DT | SNORD97 | NR4A1,0.6575,0.5698,0.0877
4,SMG1P5 | MAP3K2-DT | TINAGL1 | CKMT2,0.657,0.5891,0.0679
4,ANGPT2 | MAP3K2-DT | SNORD97 | CKMT2,0.6568,0.5986,0.0582
4,SNORD97 | TINAGL1 | ENSG00000279656 | LOC112268270,0.6558,0.5698,0.086
4,MAP3K2-DT | SNORD97 | NR4A1 | LOC112268270,0.6557,0.5698,0.0859
4,SNORD97 | TINAGL1 | NR4A1 | LOC112268270,0.6552,0.5698,0.0854
4,SNORD97 | NR4A1 | ENSG00000279656 | LOC112268270,0.6551,0.5698,0.0853
4,ANGPT2 | SNORD97 | TINAGL1 | NR4A1,0.6544,0.5986,0.0558
4,ANGPT2 | MAP3K2-DT | TINAGL1 | CKMT2,0.6539,0.5986,0.0553
4,ANGPT2 | SNORD97 | NR4A1 | LOC112268270,0.6537,0.5986,0.0551
4,ANGPT2 | TINAGL1 | CKMT2 | NR4A1,0.6537,0.5986,0.0551
4,SMG1P5 | CKMT2 | NR4A1 | ENSG00000279656,0.6534,0.5891,0.0643
4,ANGPT2 | CKMT2 | ENSG00000279656 | LOC112268270,0.6532,0.5986,0.0546
4,ANGPT2 | NR4A1 | ENSG00000279656 | LOC112268270,0.6529,0.5986,0.0543
4,SMG1P5 | ANGPT2 | CKMT2 | ENSG00000279656,0.6527,0.5986,0.0541
4,MAP3K2-DT | TINAGL1 | NR4A1 | LOC112268270,0.6523,0.5473,0.105
4,MAP3K2-DT | SNORD97 | TINAGL1 | ENSG00000279656,0.6512,0.5698,0.0814
4,MAP3K2-DT | CKMT2 | NR4A1 | LOC112268270,0.6509,0.5891,0.0618
4,MAP3K2-DT | TINAGL1 | CKMT2 | ENSG00000279656,0.6498,0.5891,0.0607
4,SMG1P5 | SNORD97 | CKMT2 | NR4A1,0.6497,0.5891,0.0606
4,SMG1P5 | NR4A1 | ENSG00000279656 | LOC112268270,0.6489,0.5473,0.1016
4,MAP3K2-DT | NR4A1 | ENSG00000279656 | LOC112268270,0.6455,0.5473,0.0982
4,SMG1P5 | ANGPT2 | MAP3K2-DT | ENSG00000279656,0.6447,0.5986,0.0461
4,SMG1P5 | MAP3K2-DT | NR4A1 | ENSG00000279656,0.6446,0.5473,0.0973
4,SMG1P5 | SNORD97 | CKMT2 | ENSG00000279656,0.6445,0.5891,0.0554
4,SMG1P5 | SNORD97 | TINAGL1 | NR4A1,0.6434,0.5698,0.0736
4,MAP3K2-DT | SNORD97 | CKMT2 | ENSG00000279656,0.6432,0.5891,0.0541
4,CKMT2 | NR4A1 | ENSG00000279656 | LOC112268270,0.6426,0.5891,0.0535
4,SMG1P5 | ANGPT2 | TINAGL1 | LOC112268270,0.6425,0.5986,0.0439
4,SMG1P5 | ANGPT2 | TINAGL1 | CKMT2,0.6421,0.5986,0.0435
4,SMG1P5 | ANGPT2 | TINAGL1 | NR4A1,0.642,0.5986,0.0434
4,SMG1P5 | SNORD97 | TINAGL1 | CKMT2,0.6419,0.5891,0.0528
4,ANGPT2 | SNORD97 | CKMT2 | NR4A1,0.6417,0.5986,0.0431
4,SMG1P5 | CKMT2 | NR4A1 | LOC112268270,0.6414,0.5891,0.0523
4,SNORD97 | CKMT2 | NR4A1 | LOC112268270,0.6402,0.5891,0.0511
4,SMG1P5 | ANGPT2 | MAP3K2-DT | CKMT2,0.6389,0.5986,0.0403
4,SNORD97 | CKMT2 | ENSG00000279656 | LOC112268270,0.6386,0.5891,0.0495
4,SMG1P5 | ANGPT2 | MAP3K2-DT | TINAGL1,0.6371,0.5986,0.0385
4,SMG1P5 | TINAGL1 | CKMT2 | LOC112268270,0.6367,0.5891,0.0476
4,SMG1P5 | MAP3K2-DT | CKMT2 | ENSG00000279656,0.6364,0.5891,0.0473
4,SMG1P5 | ANGPT2 | SNORD97 | NR4A1,0.6363,0.5986,0.0377
4,ANGPT2 | CKMT2 | NR4A1 | LOC112268270,0.6359,0.5986,0.0373
4,SMG1P5 | SNORD97 | ENSG00000279656 | LOC112268270,0.6354,0.5698,0.0656
4,SMG1P5 | SNORD97 | NR4A1 | LOC112268270,0.6351,0.5698,0.0653
4,SMG1P5 | CKMT2 | ENSG00000279656 | LOC112268270,0.6346,0.5891,0.0455
4,SMG1P5 | MAP3K2-DT | TINAGL1 | ENSG00000279656,0.6337,0.5421,0.0916
4,MAP3K2-DT | SNORD97 | ENSG00000279656 | LOC112268270,0.6334,0.5698,0.0636
4,TINAGL1 | CKMT2 | ENSG00000279656 | LOC112268270,0.6326,0.5891,0.0435
4,MAP3K2-DT | TINAGL1 | ENSG00000279656 | LOC112268270,0.6303,0.5421,0.0882
4,SMG1P5 | MAP3K2-DT | NR4A1 | LOC112268270,0.6294,0.5473,0.0821
4,MAP3K2-DT | CKMT2 | ENSG00000279656 | LOC112268270,0.6285,0.5891,0.0394
4,SMG1P5 | SNORD97 | TINAGL1 | LOC112268270,0.6274,0.5698,0.0576
4,ANGPT2 | MAP3K2-DT | SNORD97 | LOC112268270,0.6252,0.5986,0.0266
4,ANGPT2 | MAP3K2-DT | CKMT2 | LOC112268270,0.6247,0.5986,0.0261
4,SMG1P5 | ANGPT2 | SNORD97 | TINAGL1,0.6244,0.5986,0.0258
4,ANGPT2 | SNORD97 | CKMT2 | LOC112268270,0.6241,0.5986,0.0255
4,ANGPT2 | MAP3K2-DT | SNORD97 | TINAGL1,0.6228,0.5986,0.0242
4,SMG1P5 | MAP3K2-DT | SNORD97 | ENSG00000279656,0.6219,0.5698,0.0521
4,SMG1P5 | MAP3K2-DT | TINAGL1 | LOC112268270,0.6219,0.5421,0.0798
4,SMG1P5 | ANGPT2 | SNORD97 | CKMT2,0.6218,0.5986,0.0232
4,SMG1P5 | ANGPT2 | CKMT2 | NR4A1,0.6199,0.5986,0.0213
4,SMG1P5 | ANGPT2 | NR4A1 | LOC112268270,0.6198,0.5986,0.0212
4,ANGPT2 | MAP3K2-DT | TINAGL1 | LOC112268270,0.6193,0.5986,0.0207
4,ANGPT2 | SNORD97 | TINAGL1 | LOC112268270,0.6189,0.5986,0.0203
4,SMG1P5 | MAP3K2-DT | SNORD97 | CKMT2,0.6145,0.5891,0.0254
4,ANGPT2 | SNORD97 | TINAGL1 | CKMT2,0.6142,0.5986,0.0156
4,SMG1P5 | SNORD97 | CKMT2 | LOC112268270,0.6092,0.5891,0.0201
4,MAP3K2-DT | SNORD97 | TINAGL1 | CKMT2,0.609,0.5891,0.0199
4,SMG1P5 | ANGPT2 | MAP3K2-DT | SNORD97,0.6089,0.5986,0.0103
4,SMG1P5 | ANGPT2 | SNORD97 | LOC112268270,0.6059,0.5986,0.0073
4,SMG1P5 | MAP3K2-DT | ENSG00000279656 | LOC112268270,0.6059,0.5421,0.0638
4,ANGPT2 | TINAGL1 | CKMT2 | LOC112268270,0.6045,0.5986,0.0059
4,SMG1P5 | MAP3K2-DT | SNORD97 | TINAGL1,0.6029,0.5698,0.0331
4,SMG1P5 | ANGPT2 | MAP3K2-DT | LOC112268270,0.5986,0.5986,-0.0
4,SMG1P5 | ANGPT2 | CKMT2 | LOC112268270,0.5942,0.5986,-0.0044
4,SNORD97 | TINAGL1 | CKMT2 | LOC112268270,0.5871,0.5891,-0.002
4,MAP3K2-DT | TINAGL1 | CKMT2 | LOC112268270,0.5781,0.5891,-0.011
4,MAP3K2-DT | SNORD97 | CKMT2 | LOC112268270,0.5773,0.5891,-0.0118
4,SMG1P5 | MAP3K2-DT | CKMT2 | LOC112268270,0.5706,0.5891,-0.0185
4,MAP3K2-DT | SNORD97 | TINAGL1 | LOC112268270,0.5673,0.5698,-0.0025
4,SMG1P5 | MAP3K2-DT | SNORD97 | LOC112268270,0.5671,0.5698,-0.0027
