,ast,end,mic,neu,oli,opc,group
GSM4659645,-1.297527,-1.1268165,-1.523991,-0.05147788,-1.429732,-1.7034483,ALS
GSM4659646,-0.3924431,-0.12074106,-0.74498516,0.9573193,-1.2689643,-0.74812275,Control
GSM4659647,-0.7473734,-0.38401258,-0.68962306,0.8610789,-1.3841758,-0.7989486,Control
GSM4659648,-0.46934888,1.0917728,0.7441936,-0.5298021,0.98380834,0.5297158,Control
GSM4659649,-0.4831307,1.5773488,0.8412582,-0.4877843,0.5460397,0.5215462,Control
GSM4659650,-1.5654635,1.2090733,-1.3216383,0.1449508,-1.522632,-0.5299612,Control
GSM4659651,-0.25562638,0.2263648,0.95259875,-1.27048,0.9060468,0.44043806,Control
GSM4659652,-0.10173363,0.18809713,0.9602488,-1.2564448,0.87988174,0.49391505,Control
GSM4659653,0.29955548,0.8126334,0.615058,0.39023975,0.7254507,0.78899115,ALS
GSM4659654,-1.6252974,-1.041146,-1.4753978,-0.2608237,-1.7855816,-1.9113305,Control
GSM4659655,-0.16867693,0.013937695,0.66729033,-1.2359856,0.9514325,0.23460013,Control
GSM4659656,-0.046449978,0.23202068,0.6878483,-0.9439837,0.8902825,0.34888297,Control
GSM4659657,-0.002271969,0.20402238,-0.26296782,0.60413164,-0.31334868,-0.3518029,ALS
GSM4659659,-0.90514535,0.72668403,-0.21178244,-0.85088325,-0.1013861,-0.49849898,ALS
GSM4659660,-0.20213595,0.5121191,1.3697668,-1.2987301,0.7311129,0.68740404,ALS
GSM4659661,0.004727654,1.1823403,1.8988323,-0.85074383,0.7670725,0.8713831,ALS
GSM4659662,-0.6557205,-0.30703557,-0.4896601,0.70417506,-1.2384112,-0.7881083,Control
GSM4659663,-0.5646663,0.015302598,-0.5595908,0.30130854,-0.2553074,0.029799897,Control
GSM4659664,-3.095461,-1.5023018,-1.78557,-0.4088512,-2.448703,-2.5018098,Control
GSM4659665,-0.73887444,1.1184648,0.07661114,-0.50493366,0.9332824,0.42276737,Control
GSM4659666,-0.8098641,-0.040105086,-0.5927355,0.71407205,-0.8549588,-0.7557414,ALS
GSM4659667,-0.97666,0.15995376,-0.34373406,0.82615024,-0.57564205,-0.5846329,ALS
GSM4659668,-1.9278522,-0.87294364,-1.1491543,-0.1251344,-1.9113733,-1.8653494,ALS
GSM4659669,-0.46379492,0.64294857,1.5356187,-0.7014871,0.7726994,0.3878306,ALS
GSM4659670,-0.45476222,1.2421595,1.2444952,-0.6598003,0.75302756,0.5452616,ALS
GSM4659671,0.026506864,0.2708065,-0.44394514,0.40711483,-0.6590227,-0.44254965,Control
GSM4659672,0.49356624,0.93680334,0.120673046,0.35167542,-0.78613937,-0.17410663,Control
GSM4659673,-1.8174498,-0.58587337,-1.1322137,-0.36090648,-1.3356228,-1.6517981,Control
GSM4659674,-0.06565764,-0.3048112,-0.79747814,0.7567815,-1.0414858,-0.71122843,ALS
GSM4659675,0.38178897,0.12226607,-0.25923395,0.89646345,-0.6648414,-0.22708873,ALS
GSM4659676,-1.9468832,-2.1527581,-1.8522495,-0.3424122,-2.3197174,-2.4736578,ALS
GSM4659677,-0.06438982,0.39938888,1.1246011,-0.88501805,0.76157135,0.71290255,ALS
GSM4659678,0.09015755,1.3136034,0.5115789,-1.0583353,0.8044063,0.6539056,ALS
GSM4659679,-1.0893027,-0.88317394,-1.833007,-0.24374938,-2.0581772,-1.9452642,Control
GSM4659680,-0.047002655,0.82252413,-0.07885623,-0.6915494,0.8839904,0.23374505,Control
GSM4659681,-0.0121437,-0.12191128,-0.44139564,0.8204826,-0.31830654,-0.30759642,ALS
GSM4659682,-1.6589736,-1.4233321,-1.6680534,-0.429801,-1.6782794,-2.0418043,ALS
GSM4659683,-0.50142616,0.533145,0.9593587,-1.0568411,1.2323716,0.8887558,ALS
GSM4659684,-0.18913579,0.960988,0.978347,-1.3677176,1.151908,0.9444733,ALS
GSM4659685,-0.058255434,-0.33540142,-0.82024515,0.73058033,-0.62559634,-0.463747,Control
GSM4659686,0.3436403,-0.08290393,-0.58842534,0.6748756,-1.0632179,-0.33189172,Control
GSM4659687,-0.597644,0.8041205,0.062261067,-1.1064346,1.2581345,0.43836766,Control
GSM4659688,-0.38465974,0.96851635,-0.13447498,-1.2599392,1.1924198,0.43750364,Control
GSM4659689,0.5251823,0.71416295,-1.1391442,-0.40794063,-1.4753118,-0.68772715,ALS
GSM4659691,-1.4977974,0.33637494,-2.058248,-1.2208176,-2.5185428,-2.5681362,ALS
GSM4659692,-0.7727572,0.805397,0.4962832,-2.465408,0.18721016,-0.008052592,ALS
GSM4659693,-1.7926685,1.7027528,-0.71697575,-2.657859,-0.42698506,-0.5780329,ALS
GSM4659694,0.029170798,0.032400392,-0.122644104,0.7570073,-1.0837605,-0.5283487,Control
GSM4659695,-0.5915467,0.56679446,1.1022708,-0.8843914,1.1275246,0.5327739,Control
GSM4659696,-0.18137464,0.8670771,1.1805962,-0.56708217,1.1206536,0.6817467,Control
GSM4659697,-0.18995528,0.55500764,-0.35485947,0.40471202,-0.45359176,-0.5809757,ALS
GSM4659699,-2.2033832,-1.1170759,-1.7201192,-0.5649466,-1.7584823,-2.3716102,ALS
GSM4659700,0.09733302,0.43961388,1.1266929,-1.4851696,0.8988347,0.47996435,ALS
GSM4659701,0.4953725,0.36550322,1.0486103,-0.91500205,0.90027833,0.60307133,ALS
GSM4659702,-0.12901084,1.473142,0.6065134,-1.5745052,0.50495774,0.14228709,Control
GSM4659703,-0.05115103,0.258288,-0.41405275,0.9181781,-1.1486841,-0.7986868,ALS
GSM4659704,-0.073667586,-0.29741022,-0.45137155,1.082068,-1.226692,-0.48900062,ALS
GSM4659705,-1.6272041,-1.5522752,-1.408241,-0.18779822,-1.9621936,-2.078403,ALS
GSM4659706,0.79583925,0.97370404,0.5211014,-0.010197666,0.62550676,0.49368367,ALS
GSM4659707,0.3328836,-0.33987436,-0.41335443,0.59544736,-0.6021506,-0.17730214,Control
GSM4659708,-0.42142466,-0.7412344,-0.4050999,0.47296342,-0.9268059,-0.41732317,ALS
GSM4659709,-2.3868327,-1.2610513,-1.8510528,-0.2604117,-2.3038096,-2.3158398,ALS
GSM4659710,-0.8518342,1.2323977,1.6986262,-0.46259293,0.10995879,0.34379452,ALS
GSM4659711,-1.1646142,0.8939627,1.3185596,-0.7654866,-0.23846993,0.14239284,ALS
GSM4659712,-0.046923604,0.51548123,-0.07695953,-1.2248755,1.3212886,0.689334,Control
GSM4659713,-0.11032615,-0.012610046,-0.13114391,0.5100436,-1.2528237,-0.869557,ALS
GSM4659714,-0.2212124,0.17991145,0.008428358,0.7546214,-0.5783413,-0.45796284,ALS
GSM4659715,-1.3306475,-1.2242371,-0.92452455,-0.06131071,-1.5852364,-1.8477924,ALS
GSM4659716,0.3520635,0.21635972,1.0986304,-0.933957,0.49992257,0.60992587,ALS
GSM4659717,0.20589542,0.1667808,1.1969447,-1.1114354,0.5395906,0.6729206,ALS
GSM4659718,-0.81723905,0.52817,-0.63198185,-0.24006453,0.2783387,0.04341639,ALS
GSM4659720,-2.0036943,-0.3914499,-2.4101977,-1.1188419,-1.5757378,-2.4773645,ALS
GSM4659721,-0.5363053,0.5504747,0.22180429,-2.1671176,0.9707805,-0.17483163,ALS
GSM4659722,-0.6122645,1.5377719,-0.15595765,-2.3029158,0.793115,-0.064087756,ALS
GSM4659723,-0.038124137,0.8285761,0.506116,-0.8812529,0.84886247,0.4575254,Control
GSM4659724,0.060305983,0.7657311,0.63369,-1.5018102,0.8464206,0.29157868,Control
GSM4659725,-0.35868344,-0.5174689,-0.26426542,0.8736343,-1.5898823,-0.8568306,ALS
GSM4659727,-2.2054408,-1.7021472,-1.4446112,-0.16300358,-2.175721,-2.270005,ALS
GSM4659728,-0.38855344,0.5989171,1.236988,-0.6396955,0.56008595,0.40805662,ALS
GSM4659729,-0.5230556,-0.4077152,0.75944453,0.32360172,0.2369294,0.39693466,ALS
GSM4659730,0.22848083,0.3884042,-0.69960636,0.7066045,-0.52319217,-0.33622003,Other
GSM4659731,0.073957704,-0.31069922,0.1471996,0.25079846,0.43887112,0.18442483,Other
GSM4659732,-1.7236351,-1.5012219,-1.0564713,-0.51516575,-2.222416,-2.2336433,Other
GSM4659733,-2.2242386,-1.4120072,-1.9456617,-0.106405616,-2.2690115,-2.3085992,ALS
GSM4659734,0.034377184,0.14798094,1.1554358,-0.7430073,0.84970015,0.8227825,ALS
GSM4659736,1.7143685,1.237597,-0.24347354,1.7473043,-0.10663463,0.71032095,ALS
GSM4659738,0.5449478,2.5406735,-1.1046283,-0.6068227,0.36160573,-0.41084266,ALS
GSM4659739,1.5642564,2.0689144,2.1379626,-0.34384495,1.7367468,1.6973209,ALS
GSM4659740,1.7483685,2.0330207,2.1271644,-0.27981696,1.6075124,1.6645423,ALS
GSM4659741,1.9617251,2.26698,1.3607866,-1.4687315,1.773825,1.6730888,Control
GSM4659742,1.1563513,1.130301,-0.19525774,1.3313408,-0.18696526,0.4941147,ALS
GSM4659743,1.7543174,1.4778211,0.24356645,1.4987998,-0.09385971,0.74939036,ALS
GSM4659744,0.06123529,0.21167013,-0.926371,0.62463087,-1.2341481,-0.86571383,ALS
GSM4659745,2.0238218,2.6041465,1.5530685,0.69161266,1.5017354,2.1959922,ALS
GSM4659746,1.0916717,1.1200229,0.14936532,1.9869293,0.19829638,1.0447167,Control
GSM4659747,2.5261629,0.8035044,-0.3304651,1.6526985,0.41153428,1.5160298,ALS
GSM4659748,1.3543422,1.0413772,-0.99223214,1.7038769,0.037121154,0.6091789,ALS
GSM4659749,1.9464868,1.3303577,1.8344845,-0.5197762,1.6476617,1.939637,ALS
GSM4659750,1.5541383,1.4566245,1.791316,-0.0715748,1.5876664,2.0223355,ALS
GSM4659751,1.4423058,1.7290405,1.4341512,-0.6158183,2.0781226,1.6995447,Control
GSM4659752,1.5861061,1.8319249,1.2904192,-0.3668746,2.0808141,1.7008274,Control
GSM4659753,2.1214132,1.3479608,-0.091216065,1.6108747,0.99336296,1.1343819,ALS
GSM4659754,1.6752278,0.79501575,-0.36332646,1.7502767,-0.1157224,0.57586956,ALS
GSM4659755,0.41231886,-0.26230747,-1.2258884,0.6357854,-1.3477527,-0.8031692,ALS
GSM4659756,1.8598746,1.8625586,1.419194,0.07713107,2.0373805,2.250023,ALS
GSM4659757,2.3418958,1.9832371,1.123123,0.08300249,1.9803039,2.183581,ALS
GSM4659758,-0.21840829,1.0377771,-0.23879343,1.9821993,0.5057784,0.98656356,Control
GSM4659759,0.5960078,1.2336634,0.046536725,2.1421704,0.56401205,1.290552,Control
GSM4659760,1.3329439,1.4788202,0.75458413,1.6597255,0.49157113,1.0837942,ALS
GSM4659761,1.3540219,1.2171407,0.7089924,1.5286931,0.30109808,0.8670662,ALS
GSM4659762,-0.20097049,-0.16412827,-0.15540725,0.5400635,-0.5380366,-0.6117708,ALS
GSM4659763,1.5542711,1.5109187,2.1715333,0.15464506,1.8104464,2.2173607,ALS
GSM4659764,1.7813839,2.2043378,1.9692035,0.40301424,1.9530275,2.3243184,ALS
GSM4659765,1.820874,1.7211426,1.1348773,1.1868997,0.56224793,1.0153219,Control
GSM4659766,1.9686027,2.2475173,2.2365625,-0.41853052,2.0100343,2.1324322,Control
GSM4659767,1.319779,1.8740548,2.0125332,-0.08934874,1.6544139,1.633074,Control
GSM4659768,1.0304576,0.9911237,0.22223689,1.9861748,0.120106235,0.9593463,Control
GSM4659769,0.42195687,1.0526577,-0.019341305,2.0388112,0.5455705,1.0128309,Control
GSM4659770,-0.59582126,-0.20922549,-0.81260616,0.8195671,-0.551866,-0.6673055,Control
GSM4659771,1.4387254,1.4305626,1.4293883,1.0825622,2.0556014,2.1832757,Control
GSM4659772,1.5237159,1.2838482,1.0221167,1.8070071,-0.14664619,0.7578851,ALS
GSM4659773,0.05834536,0.23677345,0.326217,0.70382416,-0.49356285,-0.4824768,ALS
GSM4659774,1.4769497,1.9366833,2.2225702,0.06466684,1.5255401,1.7782991,ALS
GSM4659775,1.6264435,2.3703358,2.1792507,0.15141141,1.6084596,2.0947423,ALS
GSM4659776,1.7389573,0.9945516,-0.7122021,1.5145082,0.35172778,0.90547365,Control
GSM4659777,-0.17269625,0.21613541,-1.4536098,0.4957292,-0.93119264,-0.6576444,Control
GSM4659778,1.4463589,1.2407877,0.914801,-0.8078592,2.1210127,1.9310437,Control
GSM4659779,1.8486519,2.1245384,0.5758662,-0.8540183,2.2514334,1.8697623,Control
GSM4659780,1.9809575,1.4254808,0.2299712,1.8506777,0.124443814,1.0299238,ALS
GSM4659781,2.4122572,1.564522,0.41693455,1.6405491,0.12725921,1.3195693,ALS
GSM4659782,2.308139,1.5569271,1.914258,0.57665175,1.8991096,2.1075416,ALS
GSM4659783,1.5432624,1.7943456,1.0848548,-0.2226287,2.2369092,1.7664907,Control
GSM4659784,1.8578341,2.2756135,0.90501994,-0.579697,1.8942845,1.482367,Control
GSM4659785,2.4230835,1.6214843,-1.2773781,0.8595603,-0.30718026,0.7563685,ALS
GSM4659787,0.46017665,1.3688017,-1.8369832,0.04800231,-1.1654876,-0.9957772,ALS
GSM4659789,1.7488345,0.9650876,-0.42103338,1.2017154,-0.34220916,1.1308364,Control
GSM4659790,0.7625443,1.5630085,0.55167633,-0.99583757,1.7689958,1.270614,Control
GSM4659791,2.4097888,0.7382475,0.21042557,1.8049964,0.7661135,1.3999388,ALS
GSM4659792,2.2260418,0.650042,-0.21874264,1.8398877,-0.55538696,0.8336644,ALS
GSM4659793,0.33240485,-0.51841974,-0.9127441,0.7705401,-0.8079004,-0.5462888,ALS
GSM4659794,2.4482799,1.3564976,2.0045128,0.04940604,1.8440853,2.190177,ALS
GSM4659795,2.6296408,2.1106563,1.5999243,0.3571976,1.6149079,2.2409036,ALS
GSM4659796,1.252082,2.8369713,1.1371267,-0.31795406,1.7101738,1.7497687,Control
GSM4659797,1.9510788,1.4125248,0.28862426,1.7163117,0.2586105,1.2471265,ALS
GSM4659798,1.5313299,0.97429055,0.054721694,1.8593973,-0.041021142,0.9128798,ALS
GSM4659799,1.2583477,1.9524932,2.0242062,1.0075974,1.5159413,2.0416267,ALS
GSM4659800,1.9264815,1.4503437,0.3087227,1.875564,1.1806635,1.5175977,Control
GSM4659801,1.7741122,1.2597181,0.33680147,1.6918285,0.92340785,1.2865788,Control
GSM4659802,0.48623753,0.19857922,-0.2491664,0.8783852,0.20412678,-0.031165661,Control
GSM4659803,2.1641712,1.1050514,1.5102569,0.8969137,2.1684508,2.2552757,Control
GSM4659804,2.2051377,1.6088139,0.51897657,1.4276,0.04494205,0.9102525,ALS
GSM4659805,2.4140573,1.4743623,0.29139045,1.832242,0.23189442,1.0294962,ALS
GSM4659806,0.44705066,-0.04868253,-0.84188753,0.7008533,-0.77098715,-0.5293174,ALS
GSM4659807,2.3489544,1.8787605,2.058356,-0.41705632,1.8562531,2.2366097,ALS
GSM4659808,2.5853584,2.266945,1.6753708,-0.19822331,1.9223838,2.0364847,ALS
GSM4659809,1.8632908,1.181047,-0.33570284,1.8621409,0.95006,1.0695459,Control
GSM4659810,1.8070915,0.7976866,-0.2865138,1.6557162,0.64882773,1.0089788,Control
GSM4659811,1.5129238,1.2788706,0.7641805,1.6824555,0.4229102,0.79729694,ALS
GSM4659812,1.5670576,1.201489,0.6108172,1.7325377,0.38077012,0.7977704,ALS
GSM4659813,1.989958,1.8548192,2.1730933,0.2206858,1.7145863,2.2166686,ALS
GSM4659814,1.9943527,2.036371,1.7759839,0.5918403,1.4053261,2.0562658,ALS
GSM4659815,1.5287929,0.8033662,-0.56736743,1.5801092,0.67916405,0.84078413,Control
GSM4659816,2.770973,1.6656375,0.48572233,0.8666786,0.7775885,1.3756722,Control
GSM4659817,-0.081927784,-0.17227359,-1.6606071,0.5569551,-1.1106204,-0.7766753,Control
GSM4659818,1.6793027,1.4210194,1.6149268,-0.4542933,2.1415048,2.2181606,Control
GSM4659819,1.6025605,1.2553837,0.14521803,1.1890063,0.3307415,1.0167365,ALS
GSM4659820,-0.6885185,0.33127242,-1.2061074,0.39423764,-1.1728332,-1.0369233,ALS
GSM4659821,0.89311427,2.0670037,2.1125665,-1.3838409,1.4823211,1.932319,ALS
GSM4659822,1.791156,2.8704827,2.6824722,-0.9881471,2.0541997,2.8379834,ALS
GSM4659823,2.9537778,2.0616353,0.0033049549,0.7347677,0.25736904,1.1740226,Control
GSM4659824,0.42116958,0.9944331,-0.4721462,-1.4513185,1.2354274,0.55679214,Control
GSM4659825,0.10164037,0.19782078,-0.31688437,0.46477076,-0.45463017,-0.18937086,ALS
GSM4659826,0.54371023,-0.09082528,0.3676474,0.43644658,-0.9769326,-0.0024384176,ALS
GSM4659827,-0.22869605,0.8116095,1.5264659,-1.605939,0.9690677,0.56826913,ALS
GSM4659828,-0.24974449,1.704351,0.9819196,-1.2734494,0.9240131,0.7143017,ALS
GSM4659829,0.69369704,1.4771861,0.41915318,-0.34797576,-0.29501614,0.0108662825,Other
GSM4659830,-0.062793754,0.9713787,1.3350285,-0.21704593,0.18913876,0.68235236,Other
GSM4659831,-2.4132504,-0.71543556,-0.2611845,-0.5450858,-2.5018408,-2.2011085,Other
GSM4659832,0.2524549,-0.6010882,-0.89247495,0.65683734,-0.78189266,-0.5163927,Other
GSM4659833,-2.0879571,-1.2778703,-2.3744223,-0.5790812,-2.380918,-2.357068,Other
GSM4659834,0.5765059,1.6888088,0.017373709,-0.92300904,-0.092846,0.47716078,Other
GSM4659836,-0.5576778,0.08549762,-1.2118803,0.68666464,-1.0805959,-0.668516,Other
GSM4659837,-1.0504566,-0.2827715,-1.1663669,0.571873,-1.3318189,-0.81389,Other
GSM4659838,-2.5635383,-0.87640554,-2.2097661,-0.6295937,-2.5927143,-2.7759404,Other
GSM4659839,-0.40463457,-0.46326974,-0.33867916,0.41725174,0.8679508,0.39704853,Other
GSM4659840,0.78795326,0.38117728,-0.20379984,-0.02246256,-0.29871207,-0.14265631,Other
GSM4659841,-1.8533038,-1.6946079,-1.5810754,-0.6624638,-1.0103511,-1.7724651,Other
GSM4659842,1.0042125,0.7015769,-0.6910771,-0.54045385,-0.32254273,-0.33670253,Other
GSM4659843,-0.3356161,-0.65204793,-0.71436423,0.32640666,-0.8373975,-0.88856584,Other
GSM4659844,-2.0195417,-1.8285336,-1.5167724,-0.77851856,-1.7226465,-2.4080715,Other
GSM4659845,1.1960552,0.37233108,-0.70326835,-0.03769807,-0.104980946,-0.38179058,Other
GSM4659846,1.3581289,0.05801376,-0.5233977,0.1502875,-0.36448398,-0.5494946,Other
GSM4659847,-1.0217195,-0.43733242,-1.7667451,-0.7380317,-1.6112013,-1.8334706,Other
GSM4659848,0.94431406,-0.10978006,-0.27132162,-0.009780901,-0.6265925,-0.41623685,Other
GSM4659849,-1.2584181,-1.1202841,-1.2882249,-0.36040905,-0.38736454,-1.1025178,Other
GSM4659850,0.9583352,0.78448915,-0.020486558,-0.0765962,-0.6714486,-0.47041175,Other
GSM4659851,0.6297881,0.33223373,-0.13513984,0.14238094,-0.71499574,-0.33811694,Other
GSM4659852,-1.7324015,-1.3996571,-1.5146965,-0.5415127,-1.8913722,-2.1427221,Other
GSM4659853,0.57776916,2.101664,-0.3474383,-0.058461346,-0.72319317,-0.19568679,Other
GSM4659854,-2.1397374,-1.6261618,-1.6994838,-0.55627763,-2.3841953,-2.6007786,Other
GSM4659855,1.1002188,1.5218729,0.00021666715,-0.42283988,0.039022703,0.31918147,Other
GSM4659856,0.74642134,0.9410796,-0.035986822,-0.45536315,-0.092006996,0.292706,Other
GSM4659857,-0.26256126,0.6059407,-2.0948083,-0.78777695,-1.039761,-1.4776452,Other
GSM4659858,0.9333509,1.1213568,0.069689035,-0.5123018,0.23169239,-0.029657403,Other
GSM4659859,0.5206738,0.41871274,-0.12658812,-0.20649208,-0.41453388,-0.15538874,Other
GSM4659860,-2.282655,-1.84296,-1.6038423,-0.82432854,-1.8053966,-2.2562585,Other
GSM4659861,-0.11450547,1.9259015,-0.5521818,-0.9026541,-0.00075123244,-0.102200665,Other
GSM4659862,-0.19959718,2.250656,-0.37793538,-1.0865688,-0.11587472,0.3686329,Other
GSM4659863,-2.0350375,-0.37142035,-2.1662118,-1.1562866,-2.6529229,-3.0446136,Other
GSM4659865,-1.522518,-0.045215767,-1.134839,0.38470763,-0.5562245,-0.8185054,Other
GSM4659866,-2.9987001,-1.4922385,-2.2964933,-0.9196022,-2.841587,-3.395598,Other
GSM4659867,-0.17693801,0.6333706,-0.82297623,0.6946224,-0.5813683,-0.4230909,Other
GSM4659868,-0.27805844,0.5292658,-0.51006883,0.5388094,0.012402392,-0.0068961293,Other
GSM4659869,-3.1505258,-1.4215044,-2.2373297,-0.41595152,-2.1096325,-2.5089188,Other
GSM4659870,-0.7324971,-0.38684568,-0.72740245,0.37333402,-1.4046904,-1.226613,Other
GSM4659871,-2.0981612,-1.4764853,-2.1623971,-0.6498343,-2.5608857,-2.7597036,Other
GSM4659872,-0.6323906,-0.19794431,-0.86130697,0.54167825,-1.4132111,-0.863218,Other
GSM4659873,-0.28327745,1.2666575,0.19203955,0.025799958,0.04182249,0.492529,Other
GSM4659874,-2.768656,-1.7466388,-1.2363187,-0.4828047,-2.319537,-2.4602516,Other
GSM4659875,0.7259989,0.051557194,-0.23035485,0.6992915,-0.46747264,-0.2933501,Other
GSM4659876,-0.291726,-1.3623832,-0.91832906,0.6938363,-0.75779134,-0.8590965,Other
GSM4659877,-1.6723741,-2.0475073,-1.6026486,-0.41628534,-2.0955536,-2.3788369,Other
GSM4659878,0.3590279,0.36513257,-0.22092898,-0.29160747,-0.97266185,-0.67192066,Other
GSM4659879,0.1613579,1.0043617,0.22464237,-0.48025253,-0.3408709,0.15308642,Other
GSM4659880,-2.424522,-1.2863327,-1.5311872,-0.49141738,-2.2817204,-2.3362072,Other
GSM4659881,0.15264647,0.3402694,-0.20231098,0.40913072,-0.7582471,-0.48957735,Other
GSM4659882,1.3751076,1.0553422,0.18365036,-0.6746753,-0.149318,0.13418254,Other
GSM4659883,-1.3375369,-1.3111843,-1.4489329,-0.42049417,-1.9757777,-2.1447575,Other
GSM4659884,0.5072902,0.3926262,-0.16240524,0.56909,0.0062218397,0.032066166,Other
GSM4659885,1.4363779,1.126732,0.51760167,-0.08549905,-0.9632238,-0.4640816,Other
GSM4659886,-1.9559753,-1.2213594,-1.1308783,-0.45108086,-1.7929347,-2.1652873,Other
GSM4659887,-0.28931907,0.22251266,-0.8291148,0.84112906,-1.2045575,-0.800477,Other
GSM4659888,-2.110119,-1.0160679,-1.5762479,-0.22027884,-2.1046038,-2.0462167,Other
GSM4659889,0.2036434,0.53883255,-0.12612455,-0.19390628,0.20948456,0.011212604,Other
GSM4659890,-0.28726524,0.3744659,-0.38406837,-0.034556378,-0.32068014,-0.14637983,Other
GSM4659891,-3.0423822,-2.0739963,-1.6027677,-0.5509702,-2.5480547,-2.8520243,Other
GSM4659892,1.3940063,0.9916035,-0.049830534,0.29661903,-0.23505245,0.2339295,Other
GSM4659893,1.1680669,1.5292095,0.39991492,-0.23034948,-0.66415495,-0.04910766,Other
GSM4659894,-1.7710714,-1.4323645,-1.7163011,-0.5783793,-2.1020918,-2.166308,Other
GSM4659895,-0.32745254,0.10206658,-0.35086048,1.0713924,-0.7825126,-0.43871546,Other
GSM4659896,-0.67397743,0.13368927,-0.0037664953,1.2081271,-0.17546903,-0.17469606,Other
GSM4659897,-2.135661,-1.2825392,-1.0999844,-0.22028539,-1.8127359,-2.0513957,Other
GSM4659898,0.47579446,0.12071999,-0.33299533,0.43890226,-0.73932225,-0.33244798,Other
GSM4659902,0.47515553,0.82493025,0.34356427,0.76850194,-0.25233325,-0.18480918,Other
GSM4659903,-1.0807147,0.04022025,-0.21464637,0.8965695,-0.7011142,-0.59843004,Other
GSM4659904,-2.273335,-0.9889771,-1.1233648,-0.26831672,-1.9822584,-2.1722848,Other
GSM4659905,1.4280913,1.2765296,-0.1670146,0.73743135,0.061964143,0.37628108,Other
GSM4659906,0.9927271,0.6431322,-0.018956942,0.39482406,-0.46905735,0.035918552,Other
GSM4659907,-1.5746088,-1.3908131,-1.3910764,-0.2943346,-1.8102721,-2.01991,Other
GSM4659908,0.58069146,0.6380952,-0.61295974,0.7201822,-0.044116605,0.06338002,Other
GSM4659909,-1.6579584,-0.92385966,-2.0857208,-0.2954351,-1.9416366,-1.9386618,Other
GSM4659910,0.43794087,0.51866263,-0.44806162,0.99456596,-0.7475793,-0.4063614,Other
GSM4659911,-0.41826838,-0.023407249,-0.68358845,0.94812125,-0.27408487,-0.43791065,Other
GSM4659912,-1.4488144,-1.0297596,-1.5964273,-0.12162296,-1.3025388,-1.7574595,Other
GSM4659913,-2.1711888,-1.0522661,-1.4627174,-0.2646813,-1.7361789,-1.9481456,Other
GSM4659914,0.8243893,-0.0664792,-0.2612857,0.14572959,-0.75996983,-0.6200869,Other
GSM4659915,0.2465161,-0.53893286,-0.7698423,0.21099493,-0.42043692,-0.31591207,Other
GSM4659916,-0.9185704,-1.2203661,-1.3124818,-0.23892067,-1.3645073,-1.6652873,Other
GSM4659917,1.5563439,0.4757966,0.3788989,0.789454,-0.42200664,0.048140768,Other
GSM4659918,0.6010516,0.3673139,-0.13087569,0.1513594,0.27525875,-0.020540029,Other
GSM4659919,-1.9185303,-0.7213996,-0.7884341,-0.0067156893,-1.0845315,-1.650654,Other
GSM4659920,0.4670727,0.38638514,-0.11865989,0.9098726,-0.37254077,-0.2882061,Other
GSM4659921,0.7300229,-0.6442736,-0.01752191,0.1382183,-0.52219397,0.1734594,Other
GSM4659922,-1.6375822,-1.313366,-1.4453692,0.057498295,-1.5638121,-1.7235426,Other
GSM4659923,-0.24509358,-0.047553975,-1.1510633,1.0726082,-1.0334607,-0.36229438,Other
GSM4659924,-1.9247719,-0.042886987,-1.3800566,1.1288555,-0.8124672,-0.40473083,Other
GSM4659925,-3.0687766,-1.6509778,-1.7935928,-0.15827306,-1.7571347,-2.219228,Other
GSM4659926,0.668948,0.068290114,0.52738136,-0.27175164,-0.9602057,-0.36581868,Other
GSM4659927,1.1281651,0.6828578,-0.020677233,-0.6961462,-0.5492433,-0.13914497,Other
GSM4659931,0.14461702,2.0761735,-0.016524766,-0.907168,0.3649055,0.10996188,Other
GSM4659932,-0.6366379,0.6606731,-1.879899,-0.6837424,-1.2007116,-1.443643,Other
GSM4659933,0.9642202,1.3439347,-0.20278424,0.31719032,-0.5962289,-0.11990966,Other
GSM4659934,1.9368362,1.4630044,0.10333021,-0.10247767,-0.049367413,0.35554695,Other
GSM4659935,-1.7437736,-1.5007508,-1.5452682,-0.13134949,-2.1350884,-2.0728185,Other
GSM4659936,0.98677987,-0.4253146,-1.056295,0.5254289,-0.6292867,-0.42461306,Other
GSM4659937,0.8499963,0.044291936,-1.0422063,0.1644929,0.43960804,0.38208616,Other
GSM4659938,-1.4222754,-0.80592036,-2.0451465,-0.55684733,-1.901518,-2.2418473,Other
GSM4659939,1.3848819,1.2035693,0.81412625,-0.20380808,-0.70661783,-0.09678121,Other
GSM4659940,0.86358166,0.20552318,-0.552992,0.11161383,-0.7926266,-0.36780694,Other
GSM4659941,-2.3191373,-1.4039227,-1.461743,-0.10902143,-1.8239858,-1.9332516,Other
GSM4659942,-0.64818805,-0.43400988,-0.12231834,-1.5341237,1.5819209,0.43562683,Other
GSM4659943,-1.4797679,-1.1795127,-1.3812658,-0.19841525,-1.98679,-2.0254505,Other
GSM4659944,0.7422051,-0.08697863,-0.5457223,0.84529907,-1.2292792,-0.72212774,Other
GSM4659945,0.66379905,1.2049752,-1.0838747,-0.92823523,-0.43467337,-0.55649906,Other
GSM4659946,-1.9686259,-1.4691626,-1.5352503,-0.15578757,-1.9267812,-2.1584344,Other
GSM4659947,1.3655211,0.5016242,-0.15345244,0.4681792,-0.25123376,-0.03717121,Other
GSM4659948,1.3425351,0.050355226,-0.11978269,0.011065103,-0.2171567,-0.21221675,Other
GSM4659949,-1.6546903,-1.276624,-1.211992,-0.09842254,-1.8526555,-2.0158567,Other
GSM4659950,0.66502124,0.6094848,-0.6453477,0.11295646,0.4866808,0.060672894,Other
GSM4659952,-1.2366261,-1.1846716,-1.2571502,-0.23002975,-1.615499,-1.8670287,Other
GSM4659953,1.287081,1.9845177,-0.17612003,-1.1793915,-1.4218887,-0.50895774,Other
GSM4659954,0.6621274,-0.27052906,-1.0411582,1.0035427,-1.2744541,-0.30585098,Other
GSM4659956,-2.009947,0.24041994,-1.6888114,-0.3864835,-1.6180681,-2.060728,Other
GSM4659957,0.5785267,0.38503802,-0.91535753,0.44176283,-1.5969121,-0.41403848,Other
GSM4659958,-1.8990163,-1.4282072,-2.053557,-0.4293027,-1.9846922,-2.1585498,Other
GSM4659959,0.2624624,-0.9199857,-1.0307583,1.1264865,-0.98890936,-0.21866342,Other
GSM4659961,-1.6295838,-1.7679313,-1.5437841,-0.33469346,-1.6759312,-2.0918403,Other
GSM4659962,0.5362718,0.5025667,-0.13302,0.5057349,-0.29169735,-0.1569015,Control
GSM4659963,-1.2043738,-0.61233646,-1.570223,-0.6852802,-1.7459985,-1.8936076,Control
GSM4659964,0.93287873,0.36546698,-0.39278585,0.2826286,-0.82740086,-0.21837741,Control
GSM4659965,-0.5054563,1.5888458,-0.9179882,-0.63038385,-1.246158,-0.93836963,Control
GSM4659966,0.024226142,-0.92210567,-0.88347435,0.82799816,-0.8606705,-0.5080096,Control
GSM4659967,0.49255198,-0.38401932,-0.3875107,0.55266684,-0.7428953,-0.20978148,Control
GSM4659968,-0.5286755,-0.15738305,-0.3857529,1.0053285,-1.1697656,-0.59689415,Control
GSM4659969,-0.021156622,0.33680722,0.23463154,1.0166974,-1.0417,-0.26366413,Control
GSM4659970,-1.872352,-1.3028617,-1.3085966,-0.09482645,-1.8290985,-2.0043585,Control
GSM4659971,0.24854855,0.6368812,-0.22707616,0.9221919,-0.69926053,-0.100334235,Control
GSM4659972,-1.5823778,-1.3849236,-1.1284646,-0.08643131,-1.8192086,-1.7979691,Control
GSM4659973,0.6367259,-0.24966757,-1.6528254,0.67265826,-0.8609323,-0.3654481,Control
GSM4659974,0.95638716,-0.23385227,-0.6945203,0.48458564,-0.5965285,-0.041813876,Control
GSM4659975,-1.3342663,-1.2526692,-2.039545,-0.5451672,-1.9995846,-1.880213,Control
GSM4659976,-0.9972508,-0.3222279,-0.81835854,1.2024376,-1.2038921,-0.69517523,Control
GSM4659977,-2.130305,-0.4318722,-0.7691187,1.2591172,-1.0609337,-0.76534796,Control
GSM4659978,-3.1711497,-1.8470122,-1.6850922,0.06636429,-1.8309177,-2.2322624,Control
GSM4659979,-0.7797448,0.091268376,-0.27576464,1.034174,-0.3166763,-0.36074778,Control
GSM4659980,0.51135856,0.22951823,0.046705283,0.8474027,-0.9353701,-0.49981236,Control
GSM4659981,0.7913708,-0.14950778,-0.13050799,0.8875511,-0.4799567,-0.13750708,Control
GSM4659983,0.46198505,0.60749334,-0.51308674,0.83122814,-0.4598658,-0.3245478,Control
GSM4659984,0.6181454,0.1429491,-0.5283295,1.079891,-0.7069041,-0.35482123,Control
GSM4659985,-1.1236162,-1.3143003,-1.4394647,-0.051421687,-1.4875176,-1.7470431,Control
GSM4659987,-0.35777023,-0.9906421,-0.6763445,0.97183967,0.30786973,-0.06050169,ALS
GSM4659988,-0.7868981,-0.6030257,-0.53015125,-0.079255745,0.18610466,-0.5261799,ALS
GSM4659989,-1.1206352,-1.9905809,-1.7191365,-0.10800777,-1.0097336,-1.2295394,ALS
GSM4659991,-1.1583874,0.6680748,-0.01589443,-2.0123758,-0.6426985,0.2368155,ALS
GSM4659993,-1.7714763,-1.9008647,-2.4345412,-0.51633626,-1.8411363,-2.1857324,ALS
GSM4659994,-0.8391708,-0.55728495,0.0026686839,-1.1904924,1.5006227,0.31978944,ALS
GSM4659995,-1.1146984,-1.5427943,-2.0499902,-0.80293834,-2.3019414,-2.157873,ALS
GSM4659996,-0.55639464,-1.1738873,-0.48772863,0.6046049,0.9248831,0.21499039,ALS
GSM4659997,0.114934854,-0.9780608,0.78223825,-0.9546506,1.0152512,0.59736603,ALS
GSM4659998,0.64946574,-1.2292073,0.9840441,0.8294306,0.5909281,0.66490966,ALS
GSM4659999,0.36518782,-0.21458139,1.2388338,-0.16417429,0.76284444,1.0173709,ALS
GSM4660000,0.9366308,-0.21753721,1.2365797,-1.1607579,0.60654867,0.61352664,ALS
GSM4660001,0.38615957,0.002464528,0.17870589,1.184592,0.5986932,0.33355922,ALS
GSM4660002,-0.237078,-0.5128903,-0.06362302,0.9350827,0.14019306,-0.120591745,ALS
GSM4660003,0.5554702,-0.74048996,1.6521292,-0.49218518,0.83234775,0.6546488,ALS
GSM4660004,0.99065775,-0.29868183,1.207133,-0.20363994,0.72017974,0.70385176,ALS
GSM4660005,0.49254656,0.5317234,-1.001348,-0.059250344,0.17082432,0.4647759,Control
GSM4660006,0.15572962,1.0216136,-0.10155152,-1.135916,1.358593,0.86979043,Control
GSM4660007,0.4556922,0.66061896,1.4778382,-0.47732875,0.8893122,0.98479414,ALS
GSM4660008,0.2555381,0.7812719,1.2918369,-0.016463729,0.46194726,0.8247055,ALS
GSM4660009,-0.9474798,-0.51489794,-0.3275537,0.16435465,-1.6139169,-1.440367,ALS
GSM4660010,0.9824312,0.2872108,-0.5336628,0.34064454,-0.043621063,0.02544107,Control
GSM4660011,0.959137,-0.36210546,-0.7438587,0.3352116,0.739989,0.4248523,Control
GSM4660012,0.60896915,-0.26085657,-0.6345825,1.1506748,-0.010536337,-0.10613943,ALS
GSM4660013,0.59725016,-0.2402488,-0.6233234,1.3686004,-0.019372534,-0.054661985,ALS
GSM4660014,1.0331818,-0.79185295,1.1875585,-0.40574387,1.0916115,1.1521559,ALS
GSM4660015,0.6605308,-0.5309192,1.3711869,-1.3736082,0.8569743,1.0247157,ALS
GSM4660016,0.31162083,-0.57226574,-0.45771077,1.2913723,0.9021069,0.61183506,ALS
GSM4660017,0.24675362,-0.7082403,-0.85358596,1.3485781,0.58134735,0.3400027,ALS
GSM4660018,0.50711447,-0.38520637,0.60891587,-0.19221677,1.3458449,1.4108067,ALS
GSM4660019,0.06997661,-0.00045872302,1.2007191,-0.8973522,1.3715545,0.7328968,Control
GSM4660020,0.24274167,-0.1427401,-0.66976553,0.48978484,-0.01789439,-0.059702236,ALS
GSM4660021,-0.25581434,-0.48390034,-1.2883241,0.8411969,-1.0468323,-0.66272706,ALS
GSM4660022,0.33394498,-0.45269352,1.5007895,-2.0923553,0.97925794,1.1521306,ALS
GSM4660023,0.7435756,-0.49586585,1.0362197,-0.8690257,0.6504692,0.93716586,ALS
GSM4660024,1.3741134,1.2023675,0.18411353,-1.4098154,-1.0702511,-1.3011028,Control
GSM4660025,1.6244977,1.0714862,0.34386054,-1.094083,-1.0738053,-0.86111677,Control
GSM4660026,0.16882002,1.7011372,-1.0926781,-0.1880104,-0.07622849,-0.08339354,ALS
GSM4660027,0.38330626,1.5124398,-1.2647867,-0.34871915,0.24129544,0.25107777,ALS
GSM4660028,0.23750867,0.17911743,0.68727833,-2.3334033,1.0667316,0.5435339,ALS
GSM4660029,0.83371055,0.15353015,1.2211303,-1.6993737,0.9791089,0.8150919,ALS
GSM4660030,1.9332396,2.256271,1.5221392,-1.374737,1.2207203,1.8944848,ALS
GSM4660031,-0.30923447,0.0010381005,0.010505411,0.9894546,-0.4458378,-0.26883495,ALS
GSM4660032,-0.95998937,0.038498107,0.08813769,0.9643839,-0.14891575,-0.16094306,ALS
GSM4660033,0.3871616,0.7656415,1.7712291,-0.03130434,1.0374868,1.2384276,ALS
GSM4660034,0.6111402,-0.8388315,1.7308732,-0.8590062,1.0589764,1.3387039,ALS
GSM4660035,-1.3377998,-0.43133458,-1.0602272,-0.42945114,0.9648205,-0.1914206,ALS
GSM4660036,0.11333587,0.34887496,1.2385879,-1.6212875,-0.2509017,0.23920086,ALS
GSM4660037,0.7782502,1.1221012,-1.1025567,-0.6140737,-0.19349356,-0.28116494,ALS
GSM4660038,0.91314834,0.74160874,1.2205801,-0.8263361,1.0207436,0.95242923,ALS
GSM4660039,0.5137394,0.3898385,0.043975502,0.33416304,-0.72070277,-0.053706966,ALS
GSM4660040,0.86932945,0.5232296,0.09860729,1.3958981,-0.4412921,0.11348631,ALS
GSM4660041,-0.384021,0.008474789,-0.09246741,0.916437,0.24731193,0.100928366,ALS
GSM4660042,0.03116504,0.68380547,1.3754694,-1.4258252,1.0231754,0.7892025,ALS
GSM4660043,0.58472675,1.4437873,1.0851507,-1.120028,1.091526,1.280561,ALS
GSM4660044,-0.1344047,-0.1307809,-0.48830265,1.1515425,0.060956184,0.23724194,ALS
GSM4660045,0.6857619,0.5467582,0.17721112,1.3142076,0.42782646,0.30563557,ALS
GSM4660046,0.6327741,0.43510982,0.088809036,1.3017391,0.9670592,0.54100597,ALS
GSM4660047,1.086295,0.84597945,1.7165709,-0.6707361,1.0372392,1.4234303,ALS
GSM4660048,1.1466509,1.3236793,1.3365899,-0.46220532,1.0161853,1.2612792,ALS
GSM4660049,0.631297,0.021760132,0.29391968,1.104816,0.9938725,0.69453406,ALS
GSM4660050,0.27422693,0.27959663,-0.043338656,0.8348801,0.92874634,0.5780384,ALS
GSM4660051,0.75502056,-0.10442931,-0.23577611,1.3395146,-0.6055603,-0.29478788,ALS
GSM4660052,1.404964,1.0491474,1.4529996,-0.89252156,1.1453351,1.2899424,ALS
GSM4660053,0.84079874,1.3022091,1.3628995,-1.3619918,1.0717478,1.2114674,ALS
GSM4660054,0.23787953,0.5030962,0.5507505,1.1722239,0.06033231,0.03717516,ALS
GSM4660055,0.54656714,0.6480668,0.5022943,1.1448903,0.17969553,0.10780479,ALS
GSM4660056,0.80243254,1.1082346,1.7140858,-0.4376957,1.0501878,1.1432686,ALS
GSM4660057,0.5751044,0.9843094,1.4864345,-0.49301788,0.7272448,0.9225677,ALS
GSM4660058,0.681963,1.0499829,1.1311923,0.8377272,0.24401538,0.57626885,ALS
GSM4660059,-0.0015414326,0.99459434,0.9701087,-0.9731878,0.5774984,0.8588477,ALS
GSM4660060,0.23383524,1.9802685,1.3549242,-0.97930276,0.58785504,1.4155426,ALS
GSM4660061,0.40852717,0.05486637,-0.3016515,1.1223695,0.38413554,0.36299744,ALS
GSM4660062,0.7266583,-0.17100397,-1.2984095,1.2222787,0.16198356,0.14445363,ALS
GSM4660063,1.0182636,0.49674636,0.17313826,-0.51634735,0.95420235,0.9257686,ALS
GSM4660064,1.1907425,-0.00045513053,0.24140574,-0.27154624,0.92000455,1.0439878,ALS
GSM4660065,0.95921093,1.2416797,0.49453992,1.4020994,0.09385961,0.5063372,ALS
GSM4660066,0.99502796,0.8877942,0.55220944,1.1351184,1.013556,0.70570326,ALS
GSM4660067,1.4628862,1.1080068,1.212649,-0.65513456,1.2485685,1.2688307,ALS
GSM4660068,1.6517284,1.4089723,1.4291707,-0.39133376,1.1830845,1.3589264,ALS
GSM4660069,0.88583696,0.74092805,0.6358855,1.0804679,0.75625336,0.6272097,ALS
GSM4660070,-0.060704805,0.4028824,-0.041730672,0.7886915,-0.26968694,-0.32776755,ALS
GSM4660071,0.14744548,0.24541055,-0.53005934,0.39530712,-0.111220784,-0.3028274,ALS
GSM4660072,0.4734633,1.2415048,1.2496603,-1.2521211,0.90520215,0.520016,ALS
GSM4660073,0.86363536,1.6409957,1.1442876,-1.1426165,0.88803375,0.8756288,ALS
GSM4660074,0.08954378,0.4587095,0.083211735,0.14849831,0.024937008,0.048331182,ALS
GSM4660075,0.46953323,0.68980414,0.49790677,1.3308407,0.24931042,0.24087577,ALS
GSM4660076,0.52907073,0.3680406,0.24480295,1.314089,0.076196745,0.096281655,ALS
GSM4660077,0.7363355,0.6309431,1.7309018,-0.5620297,1.2449026,0.9632873,ALS
GSM4660078,0.42007777,0.6318104,1.674946,-0.7523423,0.970858,0.71711993,ALS
GSM4660079,0.064671114,0.4790537,0.72130495,0.8704299,1.1160688,0.6020937,ALS
GSM4660085,0.4868302,0.5996055,0.13743336,1.2065619,-0.52823514,-0.1850774,ALS
GSM4660086,-0.20563948,-0.0028619124,-0.49253294,0.76777846,0.37914786,-0.06338217,ALS
GSM4660087,0.6715501,0.6229526,0.8936234,-0.84640443,0.9397796,0.5562591,ALS
GSM4660088,-0.04006326,1.2061871,0.6578774,-1.0696306,0.5056786,0.70532495,ALS
GSM4660089,-0.14115873,0.40463367,0.15983832,0.6259343,0.29151413,0.35676143,ALS
GSM4660090,0.23263872,0.6180887,0.4121755,1.036156,-0.6071786,-0.2721698,ALS
GSM4660091,0.5816724,0.621848,0.43045393,0.86342543,0.6309434,0.31976923,ALS
GSM4660092,0.81497145,0.80662704,1.3601103,-1.202837,1.0584307,0.8554237,ALS
GSM4660093,0.6769191,1.0044088,1.4160819,-0.6644722,1.0810609,0.9387542,ALS
GSM4660094,0.7515756,0.6744508,0.7369123,0.6248659,0.74280465,0.5163273,ALS
GSM4660095,0.5018859,0.38792768,-0.38179755,1.1299113,0.99767923,0.5127933,ALS
GSM4660096,1.0540279,0.270643,-0.4689455,1.4656248,-0.34988022,-0.05335899,ALS
GSM4660097,1.017486,1.2087299,1.532224,-0.7292416,1.2299516,1.4743011,ALS
GSM4660098,0.8615106,1.065031,1.2795122,-0.8361565,0.99590224,1.1507806,ALS
GSM4660099,0.29446375,0.48206338,-0.043042272,0.9788483,1.0938158,0.6989877,ALS
GSM4660100,0.44548368,0.7443671,0.34567994,1.3871222,-1.1365373,-0.06811862,ALS
GSM4660101,-0.4419681,-0.13763781,-0.7299196,1.2306691,0.113134384,0.060635995,ALS
GSM4660102,0.22085811,-0.17807041,-0.14244382,1.2355951,0.7732782,0.51762867,ALS
GSM4660103,-0.1911425,0.34421155,0.69164705,-0.94947475,0.7493122,0.53530216,ALS
GSM4660104,0.13409191,0.24315195,-0.08012341,1.0209017,0.45990676,0.043376945,ALS
GSM4660105,0.4449114,0.45752916,0.8762946,-0.97693795,0.698697,0.650103,ALS
GSM4660106,0.3229949,0.7216029,0.9145261,-1.0100987,0.643614,0.662704,ALS
GSM4660107,-0.72392887,-0.49093765,-0.9191848,0.43543056,0.06685578,-0.2508296,ALS
GSM4660108,0.0604496,0.36635807,0.090183705,-0.9181448,0.4716357,-0.012416238,ALS
GSM4660109,-0.35721776,0.52190727,0.6541082,-1.7219605,0.5335938,0.56643444,ALS
GSM4660110,0.36037633,1.3039212,0.676048,-1.5969169,0.5347564,0.7829644,ALS
GSM4660111,-0.48487285,-0.16985366,-0.47080433,0.8705812,0.18179536,-0.05230564,ALS
GSM4660112,-0.509907,-0.10009292,-0.0309308,0.6122941,0.2574971,-0.12626655,ALS
GSM4660113,0.5620345,1.0571064,1.4141994,-0.889956,0.8523295,1.2416991,ALS
GSM4660114,0.40405267,1.1591749,1.2294691,-0.95986366,0.7529331,1.0685844,ALS
GSM4660115,0.057070807,0.14480281,-0.4417277,0.9841149,0.3917555,0.13071741,ALS
GSM4660116,-0.20170975,0.2594808,-0.15452382,1.0515453,0.52884877,0.1922791,ALS
GSM4660117,0.32715884,0.5272527,0.99296534,-0.67490834,1.005476,0.97979933,ALS
GSM4660118,0.2140463,1.1568917,0.96172833,-0.5674231,0.9344575,1.1265672,ALS
GSM4660119,0.58281326,0.8417268,0.52326035,-1.193047,0.77932745,0.82883424,ALS
GSM4660120,0.45294964,0.901446,0.73119164,-0.7062884,0.8859473,0.8411556,ALS
GSM4660121,0.18663636,0.5145708,0.59811753,0.72544026,0.29712945,0.07395095,ALS
GSM4660122,0.18963651,0.7203217,1.2445052,-1.2051986,0.34538198,0.670011,ALS
GSM4660123,0.05174152,-0.08730446,0.13184689,0.7983699,0.79281354,0.32657206,ALS
GSM4660124,0.77097964,0.39303443,1.2686487,-0.85746723,0.8579882,1.0676829,ALS
GSM4660125,0.9438802,0.6269917,1.1976084,-0.63871396,0.9109817,1.1338708,ALS
GSM4660126,-0.040232714,-0.37586743,-1.0560365,0.79923695,-0.052676138,-0.2517594,ALS
GSM4660127,0.5295859,0.68509644,0.5341735,-1.1922938,1.2170807,0.87301373,ALS
GSM4660128,0.40505782,0.7612518,0.45744583,-1.6203003,0.9788677,0.74004096,ALS
GSM4660129,-0.16151774,0.31165156,0.19132997,0.5670366,0.9529554,0.46119118,ALS
GSM4660130,0.50482047,0.95913047,1.3428979,-1.0957077,0.7592167,1.0544554,ALS
GSM4660131,0.6328623,1.0278307,1.2230831,-0.9694799,0.7271583,1.228859,ALS
GSM4660132,-0.69072443,-0.2904364,-0.12845275,0.4415987,-0.5132983,-0.70162547,ALS
GSM4660133,-0.8610453,0.4415525,1.1463664,-1.2701229,-0.44969505,0.25903985,ALS
GSM4660134,-0.53775066,1.0279449,1.465547,-0.5878426,-0.58226824,0.7927304,ALS
GSM4660135,-0.483442,-0.15865754,0.1818713,0.55169004,-0.30185276,-0.48448533,ALS
GSM4660136,-1.044643,-0.6731561,0.21543704,0.021809591,0.3662868,-0.14746827,ALS
GSM4660137,-0.020871233,0.16663575,1.1633787,-0.99301946,0.46258628,0.52975005,ALS
GSM4660138,0.16194029,-0.007478543,1.0650132,-0.7799164,0.43073484,0.5296642,ALS
GSM4660139,-0.19089791,-0.40714657,0.44545954,0.59712625,-0.28536952,-0.32053682,ALS
GSM4660140,-0.31446615,-0.040634774,-0.54283327,0.49861357,-0.13792865,-0.426337,ALS
GSM4660141,-0.7557046,-0.22305308,-0.8196577,0.24880107,0.25495955,-0.32317373,ALS
GSM4660142,0.05594247,0.8700015,0.4675534,-0.21450265,0.5506187,0.40394083,ALS
GSM4660143,-0.38421738,-0.09678549,-0.11271373,0.64452547,-1.5714998,-1.212458,ALS
GSM4660144,-0.22522035,-0.08830781,-0.14655222,0.6856178,-0.111422725,-0.3113527,ALS
GSM4660145,-0.1249782,0.12611349,0.66216403,-0.976333,0.639044,0.3127764,ALS
GSM4660146,0.4396923,0.7271912,0.89683735,-0.927489,0.6933102,0.72220737,ALS
GSM4660147,0.28557876,0.06007753,0.27351388,0.5996649,-0.35262117,-0.28165913,ALS
GSM4660148,-0.2358019,0.07715447,-0.073380664,0.7651524,-0.4652244,-0.48658898,ALS
GSM4660149,-0.027781814,0.26860863,-0.38614145,0.774003,-0.8119738,-0.6280404,ALS
GSM4660150,1.0061281,0.40203717,1.079738,-0.75198746,1.0786028,0.8317008,ALS
GSM4660151,1.0154366,1.2039114,1.2598149,-0.63043034,0.9810097,1.1514885,ALS
GSM4660152,0.044547893,-0.24624859,0.06814069,0.6042235,0.50904065,-0.00016924508,ALS
GSM4660153,-0.7408427,-0.6987554,-0.77746665,0.77891207,-0.48947415,-0.8656956,ALS
GSM4660154,0.5162711,0.31770763,0.31552202,1.1144853,1.0160846,0.6216673,ALS
GSM4660155,0.08129323,-0.12403664,1.1046611,-1.018273,0.7166682,0.67190474,ALS
GSM4660156,0.1736703,0.8788316,1.0900234,-0.6296896,0.88720757,1.0208051,ALS
GSM4660157,-0.22001778,-0.5769821,-0.08199271,0.74335384,0.46872124,-0.010191339,ALS
GSM4660158,-0.7534875,-0.4355293,-0.70387936,0.76295024,-0.6075156,-0.76516616,ALS
GSM4660159,-0.24621461,-0.20065685,-0.7440996,0.80802834,-0.8739669,-0.75156033,ALS
GSM4660160,0.8170422,1.2569557,1.6896822,-0.8359662,1.1962987,1.5093483,ALS
GSM4660161,-0.32208794,-0.10015544,0.99921674,-1.0420191,0.5590993,0.5226768,ALS
GSM4660162,-0.28787583,-0.064414434,-0.276491,0.36908057,0.76682025,0.32057583,ALS
GSM4660163,-0.14624447,-0.11460311,-0.2478133,1.0514065,-1.3757825,-0.78951645,ALS
GSM4660164,0.41958654,0.18001671,-0.564609,0.7991507,-1.3985484,-0.8542074,ALS
GSM4660165,-0.33031952,-0.5000974,-0.7396537,0.89108944,0.19691384,-0.0138335675,ALS
GSM4660166,-0.15112115,-0.9695094,-0.2186411,0.3449449,0.22594534,-0.16509724,ALS
GSM4660167,0.07086734,0.19509947,0.3563584,0.865114,0.6610102,0.38743067,ALS
GSM4660168,-0.3013396,-0.59023696,-0.05109016,0.60083413,0.04058143,-0.5160081,ALS
GSM4660169,0.6840171,0.0027626941,1.4851135,-0.9361782,0.5468508,0.6973809,ALS
GSM4660170,0.762037,0.4053531,1.1516496,-0.54709417,0.5221896,0.7391711,ALS
GSM4660171,0.8315074,0.36702725,0.85948336,1.1327914,1.0009181,0.84492975,ALS
GSM4660172,-0.4484595,-0.566,-0.715854,0.8504945,-0.041862004,-0.49075413,ALS
GSM4660173,0.3213454,-0.2699372,0.08158495,0.7803069,0.6333754,0.21750763,ALS
GSM4660174,-1.9129405,-0.27531648,-0.97142947,0.51384586,-0.52929187,-0.8032488,Control
GSM4660176,-1.0836103,-1.1435405,-1.2423662,0.4705898,-0.3038468,-0.8627086,Control
GSM4660177,-1.2100769,-1.1725155,-1.3618232,0.28005895,-0.2687519,-0.8213824,Control
GSM4660178,-0.4820287,-0.46528128,-0.22504538,0.34316066,-0.047426566,-0.5957373,Control
GSM4660179,-0.45051107,-0.659213,-0.6897451,0.7787399,0.40622306,-0.2029061,Control
GSM4660180,-1.8051798,-1.6669538,-1.5226009,-1.1428409,-1.1318556,-1.7023674,Control
GSM4660181,-0.14348501,-0.7818074,-0.23678687,-0.41908664,0.010219664,-0.2991298,Control
GSM4660182,-0.41010654,-0.591216,-0.7074038,0.75355643,-0.099846914,-0.36268404,Control
GSM4660183,-2.07488,-1.5755774,-1.9881532,-0.03221046,-1.8924358,-1.7255158,Control
GSM4660184,-0.3339466,-1.0107291,-1.1391927,0.23104963,-1.5589846,-0.90049446,Control
GSM4660185,1.3024291,1.1611085,-0.35235897,0.36583802,-0.2487743,0.7430345,Control
GSM4660186,0.5031071,0.5634979,-0.9667513,0.31691632,-0.2659281,0.23721604,Control
GSM4660187,0.1980684,-0.25317192,-1.1671059,0.30986252,-0.3990588,-0.049948253,Control
GSM4660212,-1.6271634,-0.9563693,-0.7925146,0.039713923,-1.526051,-1.6892248,Control
GSM4660213,-0.22439146,-0.37021503,-0.16508585,0.92258155,-0.8555535,-0.7789052,Control
GSM4660214,-0.8448604,-0.52093357,-0.4017847,0.8466122,-0.3412471,-0.65479,Control
GSM4660217,0.18192117,0.29319844,0.026621059,0.9286056,0.4191934,0.2997285,ALS
GSM4660218,0.43192935,0.52578866,1.0384156,-0.9480551,0.6739011,0.7958079,ALS
GSM4660219,0.7130955,0.9827611,1.0042003,-0.80463284,0.6142487,0.8624444,ALS
GSM4660220,-0.36268207,0.11876254,0.066318266,1.0340105,0.4192232,0.16657495,ALS
GSM4660221,-0.21332723,0.30192575,-0.50406355,1.0110815,0.10022867,0.06941554,ALS
GSM4660222,-0.38337216,0.026394954,-0.48723367,0.7627067,0.31429031,-0.026845308,ALS
GSM4660223,0.48906726,0.846121,1.174414,-0.69588536,0.84548837,1.1457452,ALS
GSM4660224,0.9121164,1.2093593,1.2257499,-0.26559657,0.97637457,1.3392993,ALS
GSM4660225,0.21501836,0.41284558,0.005488539,1.1151098,0.52121204,0.49539387,ALS
GSM4660226,0.72634083,0.79949516,1.3249499,-0.74812865,1.0832791,1.1919066,ALS
GSM4660227,0.10529525,0.6788669,0.8070499,-0.7395971,0.85487413,0.88318515,ALS
GSM4660228,-0.4402662,-0.32173452,-0.21592069,0.96738094,0.2325806,-0.1078739,ALS
GSM4660229,-0.03954252,-0.0348494,-0.72685105,1.1000936,-0.060707085,-0.1297773,ALS
GSM4660230,-0.65329796,-0.047941074,-0.6831058,1.0042593,0.45262936,0.13104999,ALS
GSM4660231,0.75149435,0.96090347,0.9427057,-0.5902739,1.3178916,1.2255002,ALS
GSM4660232,-0.8891762,-0.5186192,0.30323815,-0.90763396,0.36267328,-0.042754747,ALS
GSM4660233,0.64566976,0.35925457,-0.030587083,1.1371728,0.8294195,0.71972984,ALS
GSM4660234,-0.53885883,-0.2632752,-0.628699,0.65579367,0.9489206,0.19776013,ALS
GSM4660235,0.124077745,-0.1450167,0.09025496,0.91141194,0.2525655,0.021905864,ALS
GSM4660236,0.61345947,0.8237627,1.1342448,-0.609465,1.0103945,1.1895174,ALS
GSM4660237,1.2947426,1.0192806,1.3922697,0.008135171,1.3939415,1.5688142,ALS
GSM4660238,-1.4084771,-0.2732881,-1.031077,0.9938224,0.22648056,-0.23380749,ALS
GSM4660239,-1.29389,0.13436891,-1.071305,1.2328409,-0.6536741,-0.5367252,ALS
GSM4660240,0.16911237,0.711173,0.7943249,-0.7330411,0.83335894,0.68081266,ALS
GSM4660241,-0.4212045,1.2602258,0.5067057,-0.72945577,0.52559924,0.8816524,ALS
GSM4660242,0.39738634,0.4418196,-0.14521308,1.3181502,0.77038896,0.5725994,ALS
GSM4660243,0.06534999,0.6881755,0.48792982,1.0186853,0.22717151,0.16685969,ALS
GSM4660244,-0.3858654,0.36363748,0.20418483,0.55391425,0.37395284,0.01655448,ALS
GSM4660245,-0.23613784,1.1563457,0.9511608,-2.5461407,0.21953842,0.44189098,ALS
GSM4660246,-0.9379143,1.6895127,0.96705854,-1.9302934,-0.28015664,0.3148912,ALS
GSM4660247,0.28268233,0.7532797,0.5914513,0.7353739,0.15566026,0.18664007,ALS
GSM4660248,-0.3604111,0.101886824,-0.51944166,0.9104825,0.25329885,-0.031001778,ALS
GSM4660249,1.3463658,1.6304752,0.497034,0.86422384,0.19317396,0.6804762,ALS
GSM4660250,0.042834714,0.27931848,1.0361038,-0.90803367,0.5945714,0.7657293,ALS
GSM4660251,0.6488048,0.4394059,1.3090408,-0.26508224,0.8155121,1.0671823,ALS
GSM4660252,0.58033806,0.031964395,-0.12550543,0.9699241,-0.04627767,0.20155758,ALS
GSM4660253,-0.12647162,-0.06595395,-0.451736,0.8625475,-0.2722256,-0.3656282,ALS
GSM4660254,0.297817,0.215093,-0.5336982,0.9613974,0.27805585,-0.048839465,ALS
GSM4660255,0.19653268,-0.06463721,0.7583682,-1.0246134,0.8509982,0.3377058,ALS
GSM4660256,-0.6215146,-0.40265813,-0.5913505,0.8397232,-0.35285664,-0.50397396,ALS
GSM4660257,-1.014053,-0.66385376,-0.72741836,0.7803583,-0.37337157,-0.5106952,ALS
GSM4660258,0.66256464,0.7967284,1.2754881,-0.5878828,0.981757,1.2544987,ALS
GSM4660259,-0.7769381,-0.2425655,-0.9010307,0.86519736,0.49575818,-0.044935007,Control
GSM4660260,-0.13608727,-0.17863093,-0.7212954,1.0270953,0.5532848,0.21505892,Control
GSM4660261,-0.42908156,-0.52689147,-1.0841564,0.6344514,0.75942147,0.036786824,Control
GSM4660262,-0.836775,0.14184572,-0.61411124,0.98543733,0.8908981,0.3405089,Control
GSM4660263,-0.8576858,-0.40465295,-0.98241216,0.7343853,-0.16481464,-0.32691985,Control
GSM4660264,-0.54988587,-0.22777645,-1.2863758,0.82412344,0.16863039,-0.29148078,Control
GSM4660265,1.1249354,0.6464692,-0.15904808,1.2368801,0.51517683,0.91110563,Control
GSM4660266,-0.42875203,1.3280466,0.6822729,-0.2194631,1.2175148,0.9655857,Control
GSM4660267,-1.0993918,0.5324768,1.0866438,-0.7588918,0.73540735,0.2385044,Control
GSM4660268,-1.336184,1.2826521,-0.06131222,-1.8995965,0.56909126,0.31982142,Control
GSM4660270,-0.03003522,1.8579065,0.6310181,-1.8795964,0.85468024,0.6572795,Control
GSM4660271,0.35881785,1.617458,0.7054414,-1.5521847,0.73034257,0.73807055,Control
GSM4660282,0.40572327,0.24709667,-0.5347612,0.49459785,-0.2903112,-0.19325313,Control
GSM4660283,0.33422762,0.2941829,-0.3372881,0.21084082,-0.6379215,-0.57751423,Control
GSM4660284,0.07930207,-0.28526488,-0.6327694,0.39618605,-0.16636439,-0.3379188,Control
GSM4660285,0.5234936,0.3546683,0.01591306,-0.045556094,1.098896,0.9431902,Control
GSM4660296,1.8155186,1.3911036,-1.1689647,-0.995064,-1.1289585,-1.125485,Control
GSM4660297,-1.8846288,-0.9273959,-2.3947325,-0.5913734,-1.9712998,-2.045717,Control
GSM4660298,0.20540711,0.27338156,-0.361342,1.0391498,0.2506228,0.112035885,ALS
GSM4660299,0.5638991,0.3367914,1.0336673,-1.071834,0.9149479,0.91548187,ALS
GSM4660300,0.24266443,0.17686632,0.7759991,-0.40338662,0.64437157,0.76839113,ALS
GSM4660301,0.039627153,0.051308844,-0.2429139,0.92161185,0.49932763,0.37651438,ALS
GSM4660302,0.33413908,0.045643438,-0.09449723,0.98641473,0.49872753,0.20508818,ALS
GSM4660303,0.066777565,0.18978888,-0.33627415,1.1469189,0.35366544,0.06910747,ALS
GSM4660304,0.7120195,0.9578863,1.5227034,-0.7113266,1.0213567,1.252406,ALS
GSM4660305,-0.24451283,1.3141174,0.8275068,-2.1100678,0.12954047,0.6458496,ALS
GSM4660306,0.23569581,0.64089924,0.90118307,-0.5788315,0.69405913,0.93246144,ALS
GSM4660307,1.073853,0.37728828,0.48374283,0.608293,1.4859594,1.2211535,ALS
GSM4660308,-0.70973575,0.56637627,-0.021396808,1.3876406,-0.81873846,-0.036602184,ALS
GSM4660309,-0.379939,-0.08675528,-0.4893716,1.2593788,0.20144589,0.21608521,ALS
GSM4660310,0.95898545,0.64473176,1.6927578,-1.9697902,1.0279385,1.4324825,ALS
GSM4660311,0.28231218,0.96892345,0.9453238,-0.30682033,0.6065301,1.0466673,ALS
GSM4660312,-0.61191607,0.06695865,-0.012327329,0.9093062,0.6156347,0.21723823,ALS
GSM4660313,-0.16125953,0.019450428,-0.7842271,1.063078,0.25386697,0.05553958,ALS
GSM4660314,-0.10929936,0.056063972,0.41941303,0.60678744,0.56047654,0.32711825,ALS
GSM4660315,0.7262504,1.0497031,1.3313046,-0.42896402,1.2506646,1.596087,ALS
GSM4660316,0.93528855,0.6839579,1.5352362,-0.12999687,1.0447243,1.446723,ALS
GSM4660317,0.105931,0.111814566,-0.39506143,1.1154995,0.37353623,0.04090568,ALS
GSM4660318,1.3407187,1.5542022,0.73126584,1.5464859,-0.6561025,0.6330444,ALS
GSM4660319,0.058665972,-0.12610167,0.058510818,0.8375438,0.7778809,0.3489323,ALS
GSM4660320,1.4507372,1.1623001,1.5455986,-0.2068624,1.3244225,1.7403601,ALS
GSM4660321,0.78555506,0.45906806,0.9984063,-0.3194775,0.8516703,0.9863796,ALS
GSM4660322,-0.48532793,-0.4624731,-0.03923533,0.47505122,1.2597748,0.44386998,ALS
GSM4660323,-0.06735038,-0.048217274,-0.5725289,1.1032374,0.17816514,0.0754203,ALS
GSM4660324,-1.0482466,-0.33523443,-0.8787783,0.91854423,0.029650763,-0.30923623,ALS
GSM4660325,0.32120112,1.144631,1.359833,-0.74872184,1.0909674,1.2959516,ALS
GSM4660326,0.6459842,1.0732665,1.3436862,-0.14961284,1.2399172,1.4736203,ALS
GSM4660327,-0.26593468,-0.17339775,-0.5656801,1.2339234,0.2137202,0.036099896,ALS
GSM4660328,0.94755876,1.5848858,0.6337424,0.86696315,-1.0896935,0.1556579,ALS
GSM4660329,0.0027668134,-0.03142562,-0.28520107,0.9906802,0.600813,0.11589928,ALS
GSM4660330,0.5154428,0.5165289,1.0371485,-0.542632,1.0169835,0.99506825,ALS
GSM4660331,0.8616675,1.0408078,1.1314352,0.04325553,1.1549184,1.4164499,ALS
GSM4660332,-0.40092897,-0.36707878,-0.80068916,0.9439251,0.05659794,-0.18912603,ALS
GSM4660333,-0.33056587,-0.35002565,-0.78879786,0.8578429,0.14485005,-0.23212898,ALS
GSM4660334,0.16575648,0.01913281,-0.450814,1.1871152,0.7260274,0.34825334,ALS
GSM4660335,0.9692315,0.25601295,1.0623274,-0.50476277,1.1745465,1.1484612,ALS
GSM4660336,0.78686523,0.47273576,0.72816193,-0.2831896,1.0417658,0.94073355,ALS
GSM4660337,0.1440125,-0.13224119,-0.49983758,1.1771921,0.2318044,0.16089775,ALS
GSM4660338,0.010167657,0.08662459,-0.3857346,0.9568024,-0.7875348,-0.58573985,ALS
GSM4660340,-0.104703195,1.2149241,0.23504274,-0.27610865,1.1247363,0.77862203,Control
GSM4660341,-0.0014037603,1.3733069,0.7065695,-0.37199572,1.2588335,1.2397449,Control
GSM4660342,-0.74836504,0.6054265,0.09936595,-0.16511539,0.8961437,0.5401902,Control
GSM4660343,0.6759748,0.9980371,0.5983377,-0.7156637,1.3138541,1.0114373,Control
GSM4660344,0.2166321,1.418094,0.5057927,-0.6219612,1.274019,1.1014813,Control
GSM4660345,-0.13577083,0.9994626,1.0183789,-0.7022131,1.0491194,0.4981005,Control
GSM4660346,-0.2735578,1.2614504,0.89433986,-0.8314476,0.87835056,0.5292523,Control
GSM4660347,-0.21294905,0.6488441,-0.09518128,0.60948753,-0.11266566,-0.11954107,Control
GSM4660348,0.2632512,1.9849663,0.87924767,-0.9593761,1.1723796,0.784997,Control
GSM4660349,0.29378062,1.218426,0.554957,-1.2371932,0.8826255,0.366001,Control
GSM4660350,-0.82774866,1.3552108,0.6617047,-1.7657845,1.0479914,0.6432933,Control
GSM4660351,-0.6560676,1.1552525,0.7746545,-1.5759144,0.86482936,0.47717407,Control
GSM4660352,0.4577978,0.3630369,-1.8570353,-0.27530593,-1.3315927,-0.8140801,Control
GSM4660356,0.1426644,-0.7637546,-0.96086645,0.5830126,-0.827297,-0.595121,Control
GSM4660357,0.91343933,-0.29031304,-0.5622,0.51253295,-0.43174362,-0.14391036,Control
GSM4660358,0.69556224,-0.2662787,-0.3498795,0.37603858,-0.681625,-0.18798378,Control
GSM4660370,-0.9210561,0.9138579,-1.7629178,-0.2660213,1.4277859,1.099062,Control
GSM4660371,1.2837797,0.718769,-0.8217252,-0.42715922,0.87416494,0.25969902,Control
GSM4660375,-1.4606645,-1.6559758,-1.6952548,-0.4315981,-2.224475,-2.0726027,Control
GSM4660376,0.8032249,-0.6904853,-0.44966766,0.78447396,0.0015358111,-0.039590638,Control
GSM4660377,0.80755687,-1.0197678,-0.522638,0.49676037,-0.3908508,-0.4383334,Control
GSM4660383,1.3969617,0.81930274,1.0422684,-0.60614634,1.2518302,1.2163395,ALS
GSM4660384,1.1529461,0.7901616,0.500993,-0.7294159,0.91596574,0.8330044,ALS
GSM4660386,1.0791439,1.4725841,0.39431188,1.3854592,-0.5629651,0.3239701,ALS
GSM4660387,-0.4596653,0.52276677,-0.04163077,0.98282504,1.517874,0.9672934,ALS
GSM4660388,-0.32508746,1.2072736,0.9981767,-1.0143346,1.0377791,1.003632,ALS
GSM4660389,0.803396,1.0561082,0.91494876,0.28384945,1.5099331,1.5938487,ALS
GSM4660390,0.64140177,0.65647453,0.23868008,1.1022254,0.8038818,0.7374152,ALS
GSM4660391,0.7782204,0.3688301,0.04880448,1.1906327,0.29731193,0.33496162,ALS
GSM4660392,0.80248916,0.7033285,0.14742559,1.1891757,0.45381603,0.51234704,ALS
GSM4660393,1.2632942,1.4577816,1.5527359,-0.69610465,1.2139058,1.4168941,ALS
GSM4660394,1.267825,2.0504172,1.3155047,-0.83560455,0.9582254,1.3881694,ALS
GSM4660395,0.70575744,0.72504705,0.4671319,1.0424678,0.51603353,0.5622352,ALS
GSM4660396,1.0142431,1.0546731,0.37206212,1.5782747,1.127056,0.917178,ALS
GSM4660397,0.733507,0.947286,0.41193265,1.1408689,1.5887635,1.1845326,ALS
GSM4660398,1.5168116,1.0880429,1.4954872,-0.43811154,1.2981255,1.5940577,ALS
GSM4660399,1.4200617,1.0916673,1.2625523,-0.4223965,1.2038441,1.4697611,ALS
GSM4660400,0.61239725,0.4401273,0.448724,1.0525846,1.1908879,0.8612223,ALS
GSM4660401,0.7664754,0.68251586,-0.56936395,1.3348998,0.99734354,0.6843829,ALS
GSM4660402,0.24362679,0.5194027,-0.6011733,1.4160635,0.48607293,0.3382869,ALS
GSM4660403,1.2800756,1.262659,1.5615704,-0.38251254,1.4630381,1.6084856,ALS
GSM4660404,0.067383565,1.0425955,1.5067047,-1.5830586,1.1298664,1.018741,ALS
GSM4660405,1.0887825,0.33257,0.1983285,1.1241812,1.1711687,0.9036224,ALS
GSM4660406,0.38692057,0.94985527,-0.20372878,0.14284106,-0.34316906,-0.009533484,Control
GSM4660407,0.93363774,0.87643355,-0.1398262,0.5919431,0.39176765,0.42633897,Control
GSM4660408,0.16018084,1.1616586,1.0625521,-1.2133913,0.9368437,0.81950235,Control
GSM4660409,0.9712511,1.8764973,1.2705238,-0.39849517,0.7194296,1.4593498,Control
GSM4660410,0.5365607,0.6991809,-0.23675217,0.09385545,0.60086024,0.6042551,Control
GSM4660411,0.63960415,1.3151801,0.47989875,0.85507345,-1.1268424,0.016962213,ALS
GSM4660412,0.98661697,0.59921205,0.21792497,1.3177698,1.0094243,0.68148327,ALS
GSM4660413,0.8534697,1.7978709,1.3679597,-1.9568713,0.7193412,1.214231,ALS
GSM4660414,1.3393751,1.0935684,1.5573899,0.32558814,1.4856014,1.7349868,ALS
GSM4660415,0.46254402,0.082394645,-0.14089872,1.0782188,0.8147005,0.3925796,ALS
GSM4660416,1.481013,1.9358649,1.1699878,0.5995194,-0.72386676,0.57106954,ALS
GSM4660417,1.1961496,0.6655078,0.57491887,1.4122429,0.7571911,0.802036,ALS
GSM4660418,0.76956403,0.3094037,1.5454062,-0.30990964,1.2757573,1.3400021,ALS
GSM4660419,0.77507627,1.0194231,1.1209164,0.12805091,1.2215246,1.3742286,ALS
GSM4660420,0.5694,-0.21994175,-0.20653589,1.0726748,0.58292407,0.2208918,ALS
GSM4660421,0.45501387,0.9667586,0.4694657,-1.4084232,1.006503,0.8036859,Control
GSM4660422,0.25862437,0.9032939,-0.17450649,1.2506452,-0.62916887,-0.1538688,Control
GSM4660423,-1.0404491,-0.7022148,-0.60335773,0.5325046,-0.55656165,-0.92570823,Control
GSM4660424,0.47392663,0.42398417,0.23883234,0.5182411,0.42786077,0.3799463,Control
GSM4660425,0.14252818,1.9809109,0.60572857,-1.2521293,1.7070954,1.4259278,Control
GSM4660426,0.3274777,1.4604627,0.5761214,-1.3686811,1.4072127,0.89004725,Control
GSM4660427,0.27184245,0.43168038,-0.37215534,0.51258594,-0.10282426,0.14996518,Control
GSM4660428,-0.7114701,1.1862307,-0.038196333,-0.19983616,0.6805179,0.6596325,Control
GSM4660429,1.0888397,0.8726929,-0.07528658,0.8638924,0.14469495,1.0193199,Control
GSM4660430,-0.040720385,0.36638376,-1.4791323,-0.6562271,0.5486549,0.07265883,Control
GSM4660431,0.3783311,0.24906725,-0.052776758,0.6568479,0.49328297,0.38087678,Control
GSM4660432,0.16705123,0.30741256,-0.46241993,0.94053596,1.0466895,0.6931303,Control
GSM4660435,0.6853304,-1.3828595,-0.65595603,0.63420373,0.06914648,0.029126478,Control
GSM4660436,0.6306682,-0.4559983,-0.052083377,-0.049083482,0.86768866,0.5780892,Control
GSM4660437,-0.27442524,-0.5530041,1.7519915,-1.5866845,0.34489822,1.0019972,Control
GSM4660438,0.03227749,-0.63650775,1.7685139,0.14527045,1.01951,1.4124241,Control
GSM4660442,0.8508654,-0.29337865,-1.0246487,0.38442323,0.4802941,0.48160854,Control
GSM4660443,1.7216219,0.1195247,-1.2115417,-0.071900845,0.5729765,0.5250823,Control
GSM4660451,0.36854222,0.12789631,-0.03794845,1.1486666,0.5120234,0.45738816,ALS
GSM4660452,-0.6572079,-1.2041942,-0.4826404,0.8124797,0.10913919,-0.28806353,ALS
GSM4660453,-0.68927366,-1.4828814,-0.24065547,0.6005223,0.06693644,-0.25592273,ALS
GSM4660454,0.9435787,-0.37523246,1.1678767,0.29898623,1.0574875,1.2685857,ALS
GSM4660455,0.80798143,-0.75300854,0.8051246,0.49544945,0.6393566,0.92384493,ALS
GSM4660456,-0.20274329,0.929965,1.6402186,-0.63402873,0.48621574,0.960541,ALS
GSM4660457,-0.4114924,-0.8882741,-0.92332035,0.3023841,-1.3524144,-1.2148619,ALS
GSM4660458,0.2999156,-0.4676819,-0.38566864,0.9731776,0.012708779,-0.11413426,ALS
GSM4660459,-0.5635341,-1.0643896,-0.868787,0.7606419,-0.4259226,-0.7181141,ALS
GSM4660460,0.9404178,-0.9088674,1.2335819,-0.7391962,0.78347623,0.6596073,ALS
GSM4660461,1.2803296,0.2302449,0.85244304,0.24725749,0.76003546,0.85439724,ALS
GSM4660462,0.8992025,-0.5674708,-0.97901607,1.2532413,0.51465297,0.43969157,Control
GSM4660463,0.18784605,-0.82635254,-1.1906066,1.1580622,0.0380286,-0.022873024,Control
GSM4660464,0.53064835,-0.232404,0.76239127,-1.4710603,1.5145994,0.86210275,Control
GSM4660465,-0.4253154,0.23654038,-0.029319176,-2.0602038,1.0945029,0.07610977,Control
GSM4660466,-0.8034824,-1.1729566,-1.0026355,0.49694374,-1.1434872,-1.1938246,ALS
GSM4660467,1.407797,0.26197907,1.6664188,-0.8066016,1.1579467,1.233334,ALS
GSM4660468,-1.1839001,-1.7657313,-1.4459349,0.13407822,-1.5551263,-1.744477,ALS
GSM4660469,1.4027777,-0.08266251,-0.15889563,1.3964101,0.21557231,0.26978526,ALS
GSM4660470,-0.43397972,-1.1998746,-0.92339784,0.78564274,-0.27498463,-0.5465966,ALS
GSM4660471,0.58750254,-1.4281245,0.6955509,-0.83704245,1.1086267,0.7549879,ALS
GSM4660472,1.2578337,-0.4466689,0.9742549,-0.062582895,0.8763994,0.8841021,ALS
GSM4660473,-0.548666,-1.1340293,-1.130212,0.231797,-1.0788164,-1.3093555,ALS
GSM4660474,-0.13749577,-0.42947304,-0.79448116,0.9452187,-0.24182613,-0.40569764,ALS
GSM4660475,-0.21604717,-0.9217887,-0.6378431,0.86449325,-1.4409506,-1.1173804,ALS
GSM4660476,0.65930253,-1.0238901,0.922493,-0.51424533,0.95723295,0.6329985,ALS
GSM4660477,0.6488579,-0.6387749,0.72541887,0.05381505,0.49244636,0.446201,ALS
GSM4660478,-0.0253745,-0.7128706,-0.42837468,0.9373614,0.2382805,-0.0881926,ALS
GSM4660479,0.42562035,-0.81971174,0.960949,-0.80974483,0.69560224,0.49617258,ALS
GSM4660480,-0.6505494,-0.80513114,-0.7716743,0.07133935,-0.67173374,-0.90988255,Control
GSM4660481,0.20382905,0.35269135,-0.2998603,1.0045618,0.4080523,-0.069890626,Control
GSM4660482,-0.4010484,-0.10635358,0.014246207,0.4628528,0.7182554,0.11607442,Control
GSM4660483,0.06838017,-0.24237086,0.9318393,-1.9988925,0.8581892,0.38538858,Control
GSM4660484,1.1105487,0.2767702,0.73170394,-0.582455,1.017616,0.67561615,Control
GSM4660485,0.28731188,0.49954396,-0.040259045,1.1195512,-0.602553,-0.25705874,Control
GSM4660487,-0.011953371,-0.96352476,0.67165285,-2.1490443,0.7992719,0.22671673,Control
GSM4660488,-0.900891,-1.1895258,-1.379783,0.18293405,-1.2773039,-1.268758,ALS
GSM4660489,-0.15911661,-0.47691473,-0.1504257,1.0317932,0.48183435,0.25444922,ALS
GSM4660490,-0.43915045,-0.65958315,-0.48872423,1.0093654,-0.16238053,-0.31391215,ALS
GSM4660491,0.12610914,-1.0297319,1.3340315,-1.550327,0.8558163,0.8795952,ALS
GSM4660492,0.28191394,-0.16125765,-0.29522932,1.2292626,0.3659217,0.1710226,ALS
GSM4660493,0.5077944,0.24873707,-0.041211072,1.42687,-0.3082583,0.19605953,ALS
GSM4660494,-0.631188,-0.9714814,-1.1024476,0.7400309,-0.2137921,-0.42901766,ALS
GSM4660495,-0.17563021,-0.2215355,-0.89001834,1.0910456,0.078452535,-0.06137949,ALS
GSM4660496,0.4162498,-0.30007523,1.0693463,-1.3592894,1.4146216,1.0677316,ALS
GSM4660497,-0.495899,0.6412788,0.40862948,-1.9389182,0.9971912,0.48482442,ALS
GSM4660499,0.055272,-0.15464611,-1.0030291,0.2760547,-1.0719752,-0.6725909,Control
GSM4660500,0.79135454,0.25275162,0.58423996,-2.2260673,1.3492388,1.1180882,Control
GSM4660501,-0.5575421,0.060916893,-0.10634489,-2.26038,0.7790424,0.3927898,Control
GSM4660502,0.25137627,-0.8188738,0.863584,-2.3240836,0.89397085,0.25827995,ALS
GSM4660503,-0.34298772,-0.4587976,-0.7726085,1.0488924,0.070570126,-0.34024382,ALS
GSM4660504,0.63899225,0.37870052,-0.44643354,1.5567956,-0.04992062,0.18194737,ALS
GSM4660505,0.39679965,-1.624148,1.1221396,-2.1360717,0.3877325,0.65582913,ALS
GSM4660506,-0.036525667,-0.18262658,0.059961718,0.9699733,-0.20132792,-0.24365708,ALS
GSM4660507,0.04988131,-1.9693766,1.4238524,-1.2531686,0.9575747,0.5792003,ALS
GSM4660508,-0.38448933,0.15829748,0.15953262,-0.43904144,0.6360659,0.14430769,ALS
GSM4660509,-0.5881513,-0.62771416,-1.055173,0.49398765,-0.5419926,-0.6424903,ALS
GSM4660510,0.18372042,-0.43505713,0.9368149,-0.7901852,0.7200349,0.68213123,ALS
GSM4660511,-0.028828876,-0.59938437,-0.307059,1.0031874,0.6101018,0.13140792,ALS
GSM4660512,-0.84063053,-1.2223603,-1.0599914,0.36865172,-1.3776004,-1.4175423,ALS
GSM4660513,0.6454559,-0.035163164,-0.33820426,0.8604726,-0.6150945,-0.18470004,ALS
GSM4660514,-0.5431632,-0.8902424,-0.72956336,0.8975794,0.13599199,-0.23982215,ALS
GSM4660515,0.2569862,-0.25282264,-0.54449403,1.1263149,-0.2369867,-0.085857265,ALS
GSM4660516,-1.0015358,-1.6394328,-1.2776151,-0.012651199,-0.6628384,-1.1464694,ALS
GSM4660517,-0.9647874,-0.3778972,0.007140559,0.5997491,0.7055803,0.21144563,ALS
GSM4660518,1.9490596,0.4197107,2.2455266,-1.0820239,1.3982551,1.9648943,ALS
GSM4660519,-2.2694755,-0.4702013,-1.100392,0.1595462,-0.27654865,-0.7382666,ALS
GSM4660520,-0.1548037,-0.69776726,-0.7917209,1.2011085,-0.57418317,-0.51339227,ALS
GSM4660521,-0.60930693,-1.4463365,-0.8713627,0.5058075,-0.7080695,-0.9996464,ALS
GSM4660522,-0.2652083,-1.3094652,-1.1999351,0.7456899,-1.2763864,-1.30087,ALS
GSM4660523,-0.3333317,-1.7127521,0.92731446,-0.4618876,0.081550926,0.21231121,ALS
GSM4660524,-0.122066095,-1.0228233,1.0716866,-1.6729331,0.3653604,0.32191476,ALS
GSM4660525,-0.038915195,-0.16858912,-1.5571868,0.6569499,-1.2192942,-1.0099254,ALS
GSM4660526,0.27221653,-1.5480219,0.7326229,-0.5635808,0.37909022,0.2558902,ALS
GSM4660527,-0.25027534,-1.1124823,1.0142913,-0.46047625,0.36976954,0.18418002,ALS
GSM4660528,0.03897192,-1.1326789,-0.2678157,0.8939811,0.0006834912,-0.24684301,ALS
GSM4660529,0.33630458,-1.5820682,1.4403183,-0.9063455,0.23605913,0.8412109,ALS
GSM4660530,-0.027687537,-1.8909259,1.4075255,-2.3184712,0.100741684,0.8826449,ALS
GSM4660531,-0.43989247,-1.0122349,-0.5216236,0.798708,-0.011565911,-0.38776085,ALS
GSM4660532,-0.9792817,-0.87682056,-1.4055518,0.6318226,-0.8299224,-1.0093974,ALS
GSM4660533,0.2574862,-0.9872215,1.3575664,-1.1813685,0.2871073,0.24746309,ALS
GSM4660534,0.030811518,-1.0748863,1.1302397,-1.4035382,0.3041328,0.08463087,ALS
GSM4660535,-0.2961023,0.17403388,0.87986374,-2.0987332,-0.4509436,-0.034357768,ALS
GSM4660536,-0.75191754,-1.1007601,1.3890306,-2.589482,-0.027729422,-0.3294809,ALS
GSM4660537,-0.9044039,-1.2261472,-0.42113853,-0.09069422,-0.81479657,-0.91070944,ALS
GSM4660538,0.701342,-0.12657903,1.473535,-1.5166999,0.06914626,0.6148716,ALS
GSM4660539,-0.5464298,-1.4328895,1.1768062,-2.3108943,0.06772899,0.17726775,ALS
GSM4660540,-1.4967914,-1.8771605,-2.315816,-0.6875516,-2.7537403,-2.1964648,ALS
GSM4660541,-0.57780194,-1.3587118,-0.8088334,0.8176831,-0.7964415,-0.95838517,ALS
GSM4660542,-0.9701757,-1.6135358,-0.79140097,0.6922074,-0.17148162,-0.8327035,ALS
GSM4660543,0.59203434,-0.95139694,0.74277484,-1.3949215,0.87698644,0.4865602,ALS
GSM4660544,0.2152326,-1.4323105,0.8136957,-0.7021947,0.7310146,0.3481978,ALS
GSM4660545,-0.7118095,-1.3225112,-0.7857714,0.6984567,-0.63603854,-0.9545628,ALS
GSM4660546,-1.8530741,-1.8194168,-1.9101071,-0.4183343,-2.3069015,-2.0593212,ALS
GSM4660547,-0.41966265,-1.9594209,-1.4418057,0.34991658,-1.9019313,-1.2065214,ALS
GSM4660548,-0.45699716,-1.0922548,-1.2231427,-0.22125103,0.18792073,-0.2796811,ALS
GSM4660549,-0.45551372,-1.6604888,-1.1438041,0.55123645,-1.6933646,-1.086385,ALS
GSM4660550,0.058314294,-1.5870641,1.0175455,-1.7526189,0.92293084,0.8366177,ALS
GSM4660551,-0.49089018,0.5365266,1.0138608,-2.4250839,0.22458027,0.39088553,ALS
GSM4660552,-0.35736135,-1.4370006,-0.8761035,0.7513345,-0.41845715,-0.6581133,ALS
GSM4660553,-0.35073653,-1.3371886,-0.54365766,0.9214217,-0.41491714,-0.5255165,ALS
GSM4660554,0.64857024,-1.4687063,0.8610002,-0.39851007,0.6862162,0.56927735,ALS
GSM4660555,0.7020152,-0.95539886,0.57005143,-0.2546697,0.52625483,0.44371238,ALS
GSM4660556,0.029092457,-0.95218295,-1.1676409,0.7565858,-0.04773183,-0.41946846,ALS
GSM4660557,0.051525474,-1.0687261,-0.58014375,0.892358,0.3337354,-0.050733995,ALS
GSM4660558,0.29734945,0.0025052277,0.4075484,-1.7981443,1.0053957,0.39900064,ALS
GSM4660559,0.7453549,0.079982646,0.6822364,-1.1726786,0.79345405,0.6425161,ALS
GSM4660560,-1.3854812,-2.1868439,-1.9545157,-0.26175916,-1.8703116,-2.0215857,ALS
GSM4660561,-0.8295355,-1.0872433,-0.39774796,0.8602308,-1.0801436,-0.999571,ALS
GSM4660562,0.19779016,-1.354427,1.076186,-1.6384412,0.42620388,0.44520915,ALS
GSM4660563,-0.3561015,-1.005197,0.79156137,-2.3652756,-0.83444583,-0.2971975,ALS
GSM4660564,-1.5439916,-2.1011884,-1.2057236,-0.2739567,-2.1808403,-1.7629966,ALS
GSM4660565,-0.81572616,-1.4645468,-0.35640788,0.28288653,-1.015278,-0.96674526,ALS
GSM4660566,-0.79820305,-1.124509,0.0021462957,0.50143856,-0.46718934,-0.5123456,ALS
GSM4660567,-0.9062771,-1.2274386,1.4416022,-1.3325448,0.17919664,0.0320066,ALS
GSM4660568,-0.8426753,-1.4656339,-0.28470236,0.5893342,-1.188504,-1.0977589,ALS
GSM4660569,-1.1063926,-1.7822508,-0.14060608,-0.073472805,-1.1591583,-1.3926897,ALS
GSM4660570,-1.0041837,-1.3698003,0.055844788,0.35993156,0.15275861,-0.40877488,ALS
GSM4660571,0.26267537,-1.273476,1.4604396,-2.248134,0.57043993,0.5292547,ALS
GSM4660572,-0.67365265,-1.0502887,-0.19694625,0.8301056,-1.2079384,-1.0893706,ALS
GSM4660573,-1.5400318,-1.6799088,-0.46411288,-0.28594065,-2.1533175,-1.9627161,ALS
GSM4660574,-3.1810098,-0.7180563,0.60604787,0.29813573,-0.37341392,-0.7513023,ALS
GSM4660575,-0.5890146,-1.8210531,1.0277363,-0.989937,0.033601575,-0.13110873,ALS
GSM4660576,-0.89344394,-1.6489716,1.5490717,-0.95333856,-0.036113013,-0.013503208,ALS
GSM4660577,-0.737916,-0.98872334,-0.6214464,0.6993495,-0.61539376,-0.8710504,ALS
GSM4660578,-0.82389224,-1.297361,-0.40817168,0.3128258,0.44660667,-0.20613195,ALS
GSM4660579,-0.65918994,-0.39463437,-0.42530996,0.6992627,-1.1508771,-0.9746495,ALS
GSM4660580,-0.041633394,-0.80420023,-0.68423843,0.73429036,-0.42870763,-0.44880095,ALS
GSM4660581,-1.1209753,-1.0667013,-1.8851774,0.38834706,-1.5525961,-1.4676316,ALS
GSM4660582,-0.8911642,-1.6269101,-1.2137764,0.764475,-1.5499074,-1.2362293,ALS
GSM4660583,-1.3847394,-1.5382951,-1.7981532,-0.091573514,-2.075309,-1.8431332,ALS
GSM4660584,-0.15907106,-0.5787982,-0.5005139,1.1256696,-0.6406377,-0.63344973,ALS
GSM4660585,-0.14943646,-1.1616573,0.77126735,-1.00893,0.27377194,0.36317125,ALS
GSM4660586,-0.6592021,-1.5196029,-1.7587279,0.5879906,-0.44851595,-0.72284484,ALS
GSM4660587,0.2772424,-1.1200681,-0.54133505,1.0391812,-0.4267574,-0.41900367,ALS
GSM4660588,-0.52724344,-1.2320405,-0.617312,1.0594003,-0.022626925,-0.41726345,ALS
GSM4660589,-0.60698926,-1.4988792,-0.6582291,0.067584924,-1.406903,-1.3178642,ALS
GSM4660590,0.11158496,-0.40104562,1.1501797,-1.4854447,0.016288964,0.40423256,ALS
GSM4660591,-0.9787528,-0.8647569,-0.91989803,-0.1941693,-1.1488601,-1.4215424,ALS
GSM4660592,-1.7972865,-1.4182194,-0.6847109,0.0031505995,0.073483825,-0.7459275,ALS
GSM4660593,-0.30589727,0.7824164,0.77990943,-2.285334,0.20256715,0.13434623,ALS
GSM4660594,-1.3111744,-0.91939217,-0.79085135,-0.019296195,-0.7441223,-1.0127059,ALS
GSM4660595,-0.8602313,-0.52341557,1.1802386,-1.2274636,-0.02423236,-0.13144624,ALS
GSM4660596,-0.121577546,-0.9011642,0.7644467,-0.18484099,-0.010730072,0.16015634,ALS
GSM4660597,-3.0136325,-0.45037293,0.20768271,0.40498757,-1.7267362,-1.6041405,ALS
GSM4660598,-1.1656278,-1.2497482,1.1800771,-0.10206763,-0.42717776,-0.26968202,ALS
GSM4660599,-3.6765475,-1.7551317,-1.2325827,0.39877713,-0.47677386,-1.2134103,ALS
GSM4660600,-0.55615515,-0.77958906,-0.5950688,0.7609103,-0.32663968,-0.736432,ALS
GSM4660601,-0.3944892,-0.8703521,1.2728565,-1.5598485,0.31663892,0.4302671,ALS
GSM4660602,-0.40207097,0.28487873,1.0745876,-1.7627735,0.39874858,0.1745731,ALS
GSM4660603,-1.1932316,-1.2773421,-1.0568963,-0.003023454,-1.6076335,-1.7162243,ALS
GSM4660604,-0.7535105,-0.52636945,-0.6532273,0.6980586,-0.95814145,-1.0432262,ALS
GSM4660605,-0.7232028,-0.43727854,-0.37670338,0.77409947,-0.15343739,-0.53736895,ALS
GSM4660606,-0.73199064,-1.0345709,1.0051901,-0.98877007,0.3122094,0.0027975033,ALS
GSM4660607,-0.24156861,-0.8863782,1.2603741,-1.9274567,0.47209525,0.16766931,ALS
GSM4660608,0.16888565,0.2568569,-0.6667275,-1.7002103,0.21647163,-0.8542151,ALS
GSM4660609,0.19478346,0.18794788,-1.3199753,-1.4666331,-0.13826007,-0.8179441,ALS
GSM4660610,-0.098002605,-1.6998701,1.1767994,-2.6192255,-0.6013391,0.34269926,ALS
GSM4660611,0.8253658,-0.68065274,1.5541463,-1.6929426,-0.13216427,0.96231544,ALS
GSM4660612,-0.015106138,-0.15646534,-0.9847485,-0.5112597,-0.42757615,-0.60687435,ALS
GSM4660613,-1.3557909,-1.1308697,-1.0651882,0.3086289,-0.28368732,-0.8839662,ALS
GSM4660614,-0.5467331,-0.92773813,-1.0425396,0.91098684,-1.0878463,-0.9520924,ALS
GSM4660615,-0.8577778,-1.6525711,0.82034224,-1.9007391,0.29084972,0.24495697,ALS
GSM4660616,-0.24178271,-1.0520985,1.0242273,-1.436152,0.34127375,0.6344688,ALS
GSM4660617,-0.06885877,-0.6815194,-1.0184412,1.0790031,-0.72473824,-0.6531643,ALS
GSM4660618,-0.81742156,-1.1239343,-0.544029,0.4543766,0.82771116,-0.009502848,ALS
GSM4660619,0.10620929,-0.714954,0.9518987,-1.5703579,0.70041776,0.55091226,ALS
GSM4660620,0.043277495,-0.80352604,1.2827141,-1.6074617,0.46951395,0.46890807,ALS
GSM4660621,-0.7138051,-1.1141615,-1.279321,0.8230959,-0.7545555,-0.90241045,ALS
GSM4660622,-1.172611,-1.5809867,-1.2918255,0.03711242,-1.7446176,-1.8619772,ALS
GSM4660623,-0.85891336,0.046144255,-1.554579,0.028029384,-1.0789304,-1.2231125,ALS
GSM4660624,-0.9413555,-0.72617674,-1.8300419,0.021968184,-1.1041977,-1.277701,ALS
GSM4660625,-0.29871273,-0.55203116,0.70764524,-2.66092,0.34529507,0.05250717,ALS
GSM4660626,0.45037526,0.07524083,1.0186421,-2.1902611,0.73135215,0.73740196,ALS
GSM4660627,-2.0144103,-1.5603739,-1.008366,-0.35632554,0.49634713,-0.46160218,ALS
GSM4660628,-1.3040501,-1.1693943,-1.6252823,0.15685649,-0.20812753,-0.8788457,ALS
GSM4660629,-0.71467686,-0.95078474,0.46208915,-2.3096015,-0.022211777,0.10014187,ALS
GSM4660630,-0.30533382,-0.5006134,0.70882624,-2.2377052,0.021788344,0.06783978,ALS
GSM4660631,-1.1897781,-1.4628754,-0.2673386,-0.08909439,0.6422063,-0.093599394,ALS
GSM4660632,-1.0597574,-1.3549072,-0.50377655,0.6204359,0.22287565,-0.35032693,ALS
GSM4660633,-0.25878698,-0.4960736,1.1160251,-1.723311,0.4367242,0.46074274,ALS
GSM4660634,-0.20067088,-0.1385445,1.3129317,-0.6390619,0.5896078,0.68155754,ALS
GSM4660635,-0.63785446,-1.006874,-1.0250626,0.9317252,-0.8217871,-0.9560413,ALS
GSM4660636,-0.1643298,-0.68842953,0.8152104,-0.45539722,0.35166627,0.20231391,ALS
GSM4660637,0.30524167,-1.129349,1.259953,-1.6650206,0.7113661,0.6394062,ALS
GSM4660638,-1.2298675,-1.2672671,-1.1740147,0.8606189,-1.0810703,-1.0531707,ALS
GSM4660639,-1.0199785,-1.0557408,-0.9767839,0.7837652,-0.51724803,-0.8601908,ALS
GSM4660640,0.3545348,-1.270326,1.1655926,-0.6584485,0.34196812,0.7411468,ALS
GSM4660641,-0.5254642,-0.8979816,-0.7892837,1.0314295,-0.21436353,-0.65004903,ALS
GSM4660642,-0.72989404,-1.5259454,-0.9652292,0.9499814,-0.9307643,-1.1216495,ALS
GSM4660643,-0.15489502,-1.4073559,0.9050972,-2.3571033,0.39638737,0.08636595,ALS
GSM4660644,-0.19661556,-1.9102618,0.77832127,-1.6100494,0.48094162,0.1883141,ALS
GSM4660645,-1.0921953,-1.3524542,-0.46211895,0.36081892,0.68775725,-0.27825972,ALS
GSM4660646,-0.69149363,-1.122958,-0.7875209,0.78346664,-0.32527128,-0.71529454,ALS
GSM4660647,-0.5255429,-0.9917356,1.0654798,-1.387706,0.7442392,0.5672108,ALS
GSM4660648,-0.478646,-0.8728156,-1.5605894,0.726508,-0.859553,-0.8942478,ALS
GSM4660649,-0.023866199,-1.2322003,0.76415014,-2.4494703,0.1823851,0.1516029,ALS
GSM4660650,-1.6073699,-0.8210671,-1.269998,-1.3716829,0.7643108,-0.07723358,ALS
GSM4660651,-0.88653636,-0.88188684,1.1406767,-1.3178067,0.20574123,-0.3573711,ALS
GSM4660652,-0.55459297,-0.90718585,-1.0084617,-0.13043387,-1.6177534,-1.4117407,ALS
GSM4660653,-2.048496,0.8538867,0.692761,-2.9187615,-1.1477401,-0.12556848,ALS
GSM4660654,-0.546811,-0.9806968,-0.71824306,0.63309157,-1.4298575,-0.91817546,ALS
GSM4660655,-2.678961,-2.3146405,-1.7683303,-0.6473644,-2.88895,-2.9497435,ALS
GSM4660656,-0.5616465,-0.92325467,-1.1606698,1.0378748,-1.186245,-0.8821424,ALS
GSM4660657,-1.8161942,-2.1712606,-1.7179364,-0.5110799,-2.2092416,-2.406504,ALS
GSM4660658,-0.84060526,-1.0683428,-0.5371066,0.6289635,-0.9976684,-1.1300702,ALS
GSM4660659,-0.71857333,-1.0404987,-0.37570435,0.6667522,-1.0235335,-1.0688345,ALS
GSM4660660,-0.17794172,-0.10761393,1.3872414,-2.30255,0.22408547,0.70603603,ALS
GSM4660661,-0.84264225,-1.0353124,-0.25085098,0.705707,-0.8759658,-1.0076447,ALS
GSM4660662,-0.6607129,-0.9633427,-0.18738008,0.7928925,-1.2820399,-0.99568146,ALS
GSM4660663,-0.79728144,-0.76979953,0.27632055,-0.39146724,0.54162526,-0.08680784,ALS
GSM4660664,-0.9572135,-1.0190152,-0.60870576,0.60334474,-0.20378977,-0.6630356,ALS
GSM4660665,-1.0593208,-1.4240643,-0.9945814,-0.063044935,-0.87561685,-1.3429788,ALS
GSM4660666,-0.97453296,-0.7821898,0.40949345,-0.029593615,0.27518475,0.1131455,ALS
GSM4660667,-0.21826184,-0.6312797,1.3439845,-2.5284915,0.3610641,0.37420264,ALS
GSM4660668,-0.8316998,-0.9494326,-0.84304243,0.83627266,-1.396217,-1.0222183,ALS
GSM4660669,-1.4104949,-1.3309067,-0.88444287,-0.08873815,-1.7042412,-1.6579827,ALS
GSM4660670,-1.114118,-0.96276665,-1.1223726,-0.21510063,0.23392026,-0.5749413,ALS
GSM4660671,-1.4677624,-0.89725953,-0.9620902,0.38707855,-1.3857021,-1.3239459,ALS
GSM4660672,-0.2804856,-0.5468682,-0.6237759,0.5033734,0.3216542,-0.12831841,ALS
GSM4660673,-1.235237,-1.3852638,-1.3296957,-0.09160855,-1.2898138,-1.6203963,ALS
GSM4660674,-0.5678642,-0.32397023,-0.2685035,0.16720925,-0.38741764,-0.8965096,ALS
GSM4660675,-1.5812544,-1.8606845,-1.4354126,-0.06142289,-2.289556,-2.229081,ALS
GSM4660676,-1.1781886,-0.9854756,-1.0631163,0.49033254,0.13328297,-0.7356303,ALS
GSM4660678,-1.5884908,-1.8255373,-0.63995075,-0.3170066,0.85735315,-0.21022348,ALS
GSM4660680,-2.065771,-2.1297169,-1.5378786,-0.22764634,-2.003898,-2.3432517,Control
GSM4660681,-0.24820669,-0.87539023,-0.6481013,0.761615,-0.9937914,-0.80401653,ALS
GSM4660682,0.3381716,-1.7481136,1.2996384,-2.301347,0.84836334,0.5808574,ALS
GSM4660683,0.7250925,-0.061734773,1.1748154,-1.4078243,0.48743448,0.8830437,ALS
GSM4660684,0.4509416,-0.20072624,0.6869954,-0.27084985,0.6688531,0.5537388,ALS
GSM4660685,0.039148103,-0.3388242,-1.19857,0.94857895,-0.20303738,-0.17983155,ALS
GSM4660686,-1.247014,-0.055719987,-0.75531113,0.1705262,-0.26256886,-0.31236377,ALS
GSM4660687,0.13617161,-0.8837503,1.2918272,-2.1208544,0.6473722,-0.076702096,ALS
GSM4660688,0.44163242,-0.8215113,-0.30921522,1.0988809,-1.2899594,-0.4295789,ALS
GSM4660689,-0.20710917,-0.26081848,-0.1710655,0.8725924,-0.5040602,-0.14817053,ALS
GSM4660690,0.15405156,0.7347085,1.8286432,-2.0104928,0.28431493,0.94055414,ALS
GSM4660691,0.4888343,-1.5158195,1.0915589,-2.423414,0.89025646,0.8647982,ALS
GSM4660692,1.1041012,-0.13438421,1.2721293,-1.9729599,1.0730559,1.1534972,ALS
GSM4660693,-0.016738886,0.14433354,1.4100502,-0.8119167,0.21557596,0.6333333,ALS
GSM4660694,-0.40135157,-0.07785161,-0.060987208,1.1444505,0.047244735,-0.20680009,ALS
GSM4660695,-0.39130905,-0.2026856,-0.24969627,1.015849,-0.3982123,-0.45671222,ALS
GSM4660696,0.27365494,0.10309503,1.5213164,-2.3228314,0.297329,0.41754806,ALS
GSM4660697,0.59577197,0.83483607,1.6448914,-0.64147294,0.38814366,0.9085262,ALS
GSM4660698,-0.5752585,-0.93710005,0.14194426,0.31314138,0.9679362,0.33424532,ALS
GSM4660699,-0.2940562,-0.65131414,-0.11148263,0.73378295,0.3941975,0.028986953,ALS
GSM4660700,0.60845345,-1.7048742,1.4704809,-2.4076736,1.0534289,0.25897083,ALS
GSM4660701,0.06421787,-0.42617813,-0.04584154,0.8578411,-0.11473527,-0.051601313,ALS
GSM4660702,1.1587647,0.1323151,-0.14020748,0.78668815,-0.4510003,-0.25009644,ALS
GSM4660703,0.69688964,-0.57380015,1.6019459,-2.377434,0.63278633,0.47443828,ALS
GSM4660704,-0.20681198,-0.08342104,-0.5314619,0.95354587,-0.06810968,-0.14865784,ALS
GSM4660705,-0.06421795,-0.5491957,1.0831776,-2.3513823,0.66405964,0.19863321,ALS
GSM4660712,0.56173617,0.36803657,-0.17080936,0.9431697,0.53648573,0.08911731,ALS
GSM4660713,0.3900705,-0.11700129,-0.118331,0.8842942,0.43391317,-0.0032539133,ALS
GSM4660714,1.3837613,-0.033902656,1.0990281,0.026087435,1.2417624,1.273964,ALS
GSM4660715,1.0322875,0.037076607,0.87547535,-0.31332016,0.9243068,0.9916128,ALS
GSM4660716,-0.5618932,-1.1995718,-1.7345366,0.8528629,-0.5241797,-0.64517754,ALS
GSM4660717,-0.38233688,-0.4531871,-0.45898855,0.5239478,-0.7489249,-0.782122,ALS
GSM4660718,-0.31006944,-0.46523917,-0.44556153,0.23753831,-1.7624795,-1.1390191,ALS
GSM4660719,-0.48069414,-1.0378484,-0.8541123,1.1627986,-0.869758,-0.77406055,ALS
GSM4660720,-1.0921847,-1.3828353,-1.0837735,0.02529865,-1.0960021,-1.4834064,ALS
GSM4660721,-0.2661159,-0.9268998,-0.53400445,1.1007046,-1.2213131,-0.8756554,ALS
GSM4660722,0.03894036,-0.7206006,-0.47834474,0.40791416,-1.3716946,-0.9451847,ALS
GSM4660723,0.00757857,-0.43639764,-0.34888527,1.0818839,-1.3608235,-0.94599223,ALS
GSM4660724,0.13981807,-0.07255021,-0.32736605,1.1868225,-1.0800768,-0.6857187,ALS
GSM4660725,-0.34333766,0.15125652,-0.48295605,0.9364164,-0.67894983,-0.676937,ALS
GSM4660726,0.32992283,-0.17062351,-0.29736236,1.1866194,-0.4290323,-0.49262217,ALS
GSM4660727,0.791094,-0.5662958,0.83239454,-0.27452695,0.8921599,0.65219307,ALS
GSM4660728,0.48761773,-1.1830769,0.6638974,-2.6189911,0.6787566,0.47641635,ALS
GSM4660729,-0.6236219,-1.5473696,-0.909668,0.09778072,-0.34616467,-0.9940123,ALS
GSM4660730,-0.15072878,-0.48580122,-0.54960424,1.0063666,0.61272764,-0.003932129,ALS
GSM4660731,-0.41280168,-1.3814223,-0.58340126,0.7199067,0.5199178,-0.22205657,ALS
GSM4660732,-0.1643151,-0.7545475,-0.6735318,0.97694254,0.08376904,-0.32303286,ALS
GSM4660733,0.7059379,-1.2423561,1.060882,-0.15773657,0.6435927,0.75584495,ALS
GSM4660734,0.2144329,-1.4128196,0.59624994,-1.155831,0.809598,0.4178342,ALS
GSM4660735,0.55289966,-0.34223652,-0.6656245,1.0907187,0.06342667,0.10122269,ALS
GSM4660736,-0.1742281,-0.470114,-1.0141469,0.8158736,0.047684766,-0.19665717,ALS
GSM4660737,0.11434667,-0.9046074,1.422958,-0.5643236,0.97106683,0.9337621,ALS
GSM4660738,0.560237,0.041850112,1.2059821,-0.8655078,1.06744,1.3084359,ALS
GSM4660739,-0.30133787,-1.0488724,-1.2564802,1.0303905,-1.0460334,-0.5918569,ALS
GSM4660741,-0.72311115,-0.3113099,0.018405227,0.60994864,0.107611015,-0.036336843,ALS
GSM4660742,-0.258943,-0.56990033,1.4065121,-2.0090857,0.634595,0.45325866,ALS
GSM4660743,-0.21366844,0.78892124,1.1634018,-1.5766629,0.35967925,0.5507552,ALS
GSM4660744,-1.0393673,-0.86731285,-0.712237,0.9296359,-1.1282187,-0.8950413,ALS
GSM4660745,-1.7858278,-1.4064269,-1.254271,0.20584436,-1.7386686,-1.6990392,ALS
GSM4660746,-0.73994553,-0.9242272,-0.72201294,0.2124992,-1.4312886,-1.1519382,ALS
GSM4660747,-0.47968978,-0.34757084,-0.419787,0.5422746,-0.0073367367,-0.3568253,ALS
GSM4660748,-0.29557455,-0.13140325,-0.49313006,0.6957341,-0.7128232,-0.6538602,ALS
GSM4660749,0.77111965,-0.5390675,1.3841333,-1.5905704,0.5748009,0.76397616,ALS
GSM4660750,-0.34541276,1.4476439,1.2945912,-1.7458625,-0.3925998,0.323193,ALS
GSM4660751,-0.30974638,-0.5180007,-0.27460855,0.61950725,-0.35059613,-0.5123597,ALS
GSM4660752,1.3445054,0.3771542,-0.23930947,1.7572236,-0.4738848,0.23716919,Control
GSM4660754,-0.10257679,-0.92625105,-0.8755362,1.1337004,-0.8205286,-0.50639045,ALS
GSM4660755,-1.1515025,-1.7825433,-1.625897,0.17251188,-2.1745703,-1.7099478,ALS
GSM4660756,0.14231527,0.1827754,-0.89153,0.1914939,-0.1346244,-0.0917226,ALS
GSM4660757,-0.18100005,-1.1785034,-1.0323372,0.9707789,-1.3327413,-0.8578481,ALS
GSM4660758,-0.051626533,1.2597849,1.3277383,-1.4545902,0.58538204,0.91481286,ALS
GSM4660759,0.36098313,-0.028604731,1.4647084,-1.2762309,0.6914517,0.98842543,ALS
GSM4660760,-0.6008466,-1.31129,-1.3786771,0.929114,-1.3044149,-1.1450455,ALS
GSM4660761,-0.93999434,-1.27707,-0.78332,0.26894566,-0.86801666,-1.0812874,ALS
GSM4660762,0.6305697,-0.43100196,0.66474754,0.8356228,1.0314255,0.77438897,ALS
GSM4660763,0.5153425,-0.94763136,0.8623532,-0.18501681,0.80773574,0.74911445,ALS
GSM4660764,-0.5445517,-1.1468424,-0.7102944,1.120961,-0.58686095,-0.62573683,ALS
GSM4660765,-0.7009627,-1.4393802,-0.24246532,-0.06752887,-0.6129951,-0.8444106,ALS
GSM4660766,0.2627095,-0.69258225,1.3390875,-1.4376922,0.43590656,0.45662284,ALS
GSM4660767,-0.2030655,-0.4212683,-0.21211529,0.83286434,-0.8728901,-0.75677747,ALS
GSM4660768,0.42109534,-0.5829455,0.381521,-1.4735874,1.2943623,0.42207065,Control
