panel_gene,panel_dir,substitute,pearson_r,subst_auc,dgidb_n,approved_drugs,withdrawn,favourable_dir,favourable_approved,score
CKMT2,down,ABL1,0.65,0.9452,143,ACYCLOVIR|ADENOSINE TRIPHOSPHATE|APOMORPHINE|APRACLONIDINE,,True,APOMORPHINE|APRACLONIDINE|BRIMONIDINE,6.945
CKMT2,down,ACTN4,0.64,0.9486,12,,,True,,3.949
CKMT2,down,BACE1,0.66,0.9466,26,,,False,,1.947
CKMT2,down,SEMA4D,0.67,0.9451,3,,,False,,1.545
CKMT2,down,IPO13,0.69,0.9467,1,,,False,,1.147
CKMT2,down,FMNL2,0.69,0.9508,0,,,False,,0.951
CKMT2,down,CANT1,0.65,0.9478,0,,,False,,0.948
CKMT2,down,SCAMP4,0.68,0.9466,0,,,False,,0.947
CKMT2,down,HHATL,0.67,0.9474,0,,,False,,0.947
CKMT2,down,PAQR8,0.69,0.9459,0,,,False,,0.946
CKMT2,down,FAM124A,0.67,0.946,0,,,False,,0.946
CKMT2,down,TMEM185B,0.66,0.9461,0,,,False,,0.946
CKMT2,down,GLTP,0.63,0.9455,0,,,False,,0.946
CKMT2,down,SLC48A1,0.73,0.9449,0,,,False,,0.945
CKMT2,down,MVB12B,0.69,0.945,0,,,False,,0.945
CKMT2,down,SNX18,0.67,0.945,0,,,False,,0.945
CKMT2,down,COLGALT2,0.63,0.945,0,,,False,,0.945
CLDN5,down,ATP10A,0.53,0.9455,2,CLOPIDOGREL|DULOXETINE HYDROCHLORIDE,,False,,3.345
CLDN5,down,TMEM204,0.56,0.9459,0,,,False,,0.946
CLDN5,down,CLEC14A,0.53,0.9457,0,,,False,,0.946
CLDN5,down,USHBP1,0.52,0.9464,0,,,False,,0.946
CLDN5,down,KANK3,0.61,0.9451,0,,,False,,0.945
CLDN5,down,SRARP,0.58,0.9453,0,,,False,,0.945
CLDN5,down,VWA2,0.51,0.945,0,,,False,,0.945
HEXB,up,NPM1,0.87,0.9518,7,CERITINIB|CRIZOTINIB|DAUNORUBICIN LIPOSOMAL|MIDOSTAURIN,,True,CERITINIB|CRIZOTINIB,6.952
HEXB,up,AKR1B1,0.89,0.9474,13,EPALRESTAT|SULINDAC|TOLRESTAT,,True,EPALRESTAT|TOLRESTAT,6.947
HEXB,up,RPL5,0.87,0.9495,5,ATALUREN,,True,,5.95
HEXB,up,CTSB,0.87,0.952,4,BORTEZOMIB|COUMARIN|UREA,,True,,5.752
HEXB,up,CTSL,0.89,0.9494,4,BORTEZOMIB,,False,,3.749
HEXB,up,GLB1,0.88,0.9503,2,,,True,,3.35
HEXB,up,GDI2,0.88,0.9538,1,,,True,,3.154
HEXB,up,BTF3,0.89,0.9533,1,,,True,,3.153
HEXB,up,M6PR,0.87,0.9514,1,ALPHA GLUCOSIDASE,,False,,3.151
HEXB,up,CANX,0.87,0.9509,1,,,False,,1.151
HEXB,up,DHRS7,0.89,0.9536,0,,,False,,0.954
HEXB,up,MFSD1,0.88,0.9537,0,,,False,,0.954
HEXB,up,CDV3,0.88,0.9543,0,,,False,,0.954
HEXB,up,CAPZA1,0.88,0.9542,0,,,False,,0.954
HEXB,up,SCP2,0.88,0.9541,0,,,False,,0.954
HEXB,up,LYSET,0.87,0.9543,0,,,False,,0.954
HEXB,up,GNS,0.9,0.9532,0,,,False,,0.953
HEXB,up,SEC61B,0.87,0.9528,0,,,False,,0.953
HEXB,up,EIF2S3,0.87,0.9527,0,,,False,,0.953
HEXB,up,TRAPPC3,0.88,0.9524,0,,,False,,0.952
HEXB,up,AIDA,0.87,0.9519,0,,,False,,0.952
HEXB,up,PSAP,0.9,0.9508,0,,,False,,0.951
HEXB,up,ARPC3,0.89,0.9513,0,,,False,,0.951
HEXB,up,NOP10,0.88,0.9508,0,,,False,,0.951
HEXB,up,RPN2,0.88,0.9507,0,,,False,,0.951
HEXB,up,ARF4,0.87,0.9508,0,,,False,,0.951
HEXB,up,FUCA1,0.9,0.9501,0,,,False,,0.95
HEXB,up,EIF3H,0.88,0.9491,0,,,False,,0.949
HEXB,up,TMEM14C,0.87,0.9494,0,,,False,,0.949
HEXB,up,ADAM9,0.87,0.9489,0,,,False,,0.949
MCEE,up,HMGB1,0.83,0.9481,19,AMPICILLIN (ANHYDROUS)|BIFONAZOLE|CHLORAMPHENICOL|CISPLATIN,,True,BIFONAZOLE,6.948
MCEE,up,RRM1,0.84,0.9469,17,CARBOPLATIN|CISPLATIN|CLADRIBINE|CLOFARABINE,,True,CLOFARABINE|FLUDARABINE|GALLIUM NITRATE,6.947
MCEE,up,SNW1,0.86,0.9493,1,,,False,,1.149
MCEE,up,RPA1,0.83,0.9467,1,,,False,,1.147
MCEE,up,PCBP2,0.84,0.9496,0,,,False,,0.95
MCEE,up,COMMD3,0.84,0.9497,0,,,False,,0.95
MCEE,up,SRP54,0.83,0.9504,0,,,False,,0.95
MCEE,up,TXNDC15,0.83,0.9495,0,,,False,,0.949
MCEE,up,SNRNP40,0.85,0.9482,0,,,False,,0.948
MCEE,up,CWC15,0.84,0.9475,0,,,False,,0.948
MCEE,up,SKIC8,0.83,0.9482,0,,,False,,0.948
MCEE,up,GSTCD,0.83,0.9477,0,,,False,,0.948
MCEE,up,SARNP,0.86,0.9471,0,,,False,,0.947
MCEE,up,GNL2,0.85,0.9473,0,,,False,,0.947
MCEE,up,RBM22,0.85,0.9474,0,,,False,,0.947
MCEE,up,DDX47,0.84,0.9475,0,,,False,,0.947
MCEE,up,GLT8D1,0.84,0.9474,0,,,False,,0.947
MCEE,up,USP16,0.84,0.9473,0,,,False,,0.947
MCEE,up,NUP43,0.84,0.9468,0,,,False,,0.947
MCEE,up,ZNF627,0.83,0.9468,0,,,False,,0.947
MCEE,up,SMARCE1,0.85,0.9462,0,,,False,,0.946
MCEE,up,EIF3D,0.85,0.9464,0,,,False,,0.946
MCEE,up,ANKRA2,0.85,0.9459,0,,,False,,0.946
MCEE,up,DDX18,0.85,0.9462,0,,,False,,0.946
MCEE,up,NONO,0.85,0.9457,0,,,False,,0.946
MCEE,up,FRG1,0.84,0.946,0,,,False,,0.946
MCEE,up,IK,0.84,0.9461,0,,,False,,0.946
MCEE,up,SEC31A,0.84,0.9457,0,,,False,,0.946
MCEE,up,SLC25A17,0.85,0.9451,0,,,False,,0.945
MCEE,up,SLC39A7,0.83,0.9454,0,,,False,,0.945
NR4A1,down,PRKD2,0.51,0.9451,34,ERLOTINIB|GEFITINIB|QUERCETIN|RUCAPARIB,,False,,3.945
PROS1,up,C1S,0.79,0.9499,10,ANTITHROMBIN ALFA|C1 ESTERASE INHIBITOR|HUMAN C1-ESTERASE INHIBITOR|SUTIMLIMAB,,True,HUMAN C1-ESTERASE INHIBITOR|SUTIMLIMAB,6.95
PROS1,up,ANXA1,0.78,0.9515,44,ALCLOMETASONE|AMCINONIDE|BECLOMETHASONE|BETAMETHASONE,,True,,5.951
PROS1,up,CTSC,0.81,0.9489,7,CALCIUM GLUCONATE|PENTOSAN POLYSULFATE|PROGESTERONE,,True,,5.949
PROS1,up,CYP1B1,0.79,0.9495,33,AMINOGLUTETHIMIDE|ANASTROZOLE|CHRYSIN|CODEINE ANHYDROUS,,True,,5.949
PROS1,up,DCN,0.79,0.948,7,ASCORBIC ACID|SIROLIMUS,,True,,5.948
PROS1,up,AHR,0.81,0.951,60,CARBARIL|CHRYSIN|CLIOQUINOL|FLAVONE,,False,,3.951
PROS1,up,TGFBR3,0.79,0.9507,8,DEXAMETHASONE|TRETINOIN,,False,,3.951
PROS1,up,VIM,0.78,0.9515,5,ALDESLEUKIN|DIMETHYL SULFOXIDE,,False,,3.951
PROS1,up,B2M,0.77,0.9476,4,AMIKACIN|PEMBROLIZUMAB|THYROGLOBULIN,,False,,3.748
PROS1,up,IL13RA1,0.78,0.9517,2,,,True,,3.352
PROS1,up,CD63,0.82,0.9503,2,,,True,,3.35
PROS1,up,MR1,0.78,0.9489,1,ANTI-THYMOCYTE GLOBULIN,,False,,3.149
PROS1,up,GNG12,0.79,0.953,0,,,False,,0.953
PROS1,up,SUCLG2,0.78,0.9528,0,,,False,,0.953
PROS1,up,GNS,0.78,0.9523,0,,,False,,0.952
PROS1,up,FSTL1,0.86,0.9509,0,,,False,,0.951
PROS1,up,TSPAN6,0.84,0.9511,0,,,False,,0.951
PROS1,up,ANO6,0.79,0.9512,0,,,False,,0.951
PROS1,up,PCDH18,0.79,0.951,0,,,False,,0.951
PROS1,up,CIMAP3,0.78,0.9506,0,,,False,,0.951
PROS1,up,MYL12A,0.78,0.9509,0,,,False,,0.951
PROS1,up,ANTXR2,0.79,0.9501,0,,,False,,0.95
PROS1,up,SNX7,0.78,0.9503,0,,,False,,0.95
PROS1,up,SH3BGRL,0.78,0.9495,0,,,False,,0.95
PROS1,up,LTBP1,0.81,0.9495,0,,,False,,0.949
PROS1,up,LAPTM4A,0.8,0.9491,0,,,False,,0.949
PROS1,up,TMED10,0.8,0.9491,0,,,False,,0.949
PROS1,up,RHOQ,0.78,0.9491,0,,,False,,0.949
PROS1,up,HACD4,0.78,0.9491,0,,,False,,0.949
PROS1,up,TMEM123,0.77,0.949,0,,,False,,0.949
SERTAD1,up,RPL18A,0.56,0.9456,5,ATALUREN,,True,,5.946
SERTAD1,up,RPL29,0.53,0.9458,5,ATALUREN,,True,,5.946
SERTAD1,up,RPS16,0.59,0.9451,5,ATALUREN,,True,,5.945
SERTAD1,up,HSPA5,0.6,0.9453,16,CHLORQUINALDOL|FLUOROURACIL|NORGESTREL,,False,,3.945
SERTAD1,up,PPIB,0.54,0.947,2,CYCLOSPORINE|PROLINE,,False,,3.347
SERTAD1,up,FOSL1,0.56,0.9457,1,ALTEPLASE,,False,,3.146
SERTAD1,up,TAP1,0.59,0.9464,0,,,False,,0.946
SERTAD1,up,TNIP2,0.58,0.9456,0,,,False,,0.946
SERTAD1,up,MAFF,0.58,0.9462,0,,,False,,0.946
SERTAD1,up,G0S2,0.54,0.9459,0,,,False,,0.946
SERTAD1,up,PDIA6,0.54,0.9455,0,,,False,,0.946
SERTAD1,up,SBNO2,0.54,0.9455,0,,,False,,0.946
SERTAD1,up,NFKBIZ,0.52,0.9462,0,,,False,,0.946
SERTAD1,up,STK40,0.57,0.945,0,,,False,,0.945
SERTAD1,up,RCC1,0.55,0.9449,0,,,False,,0.945
SERTAD1,up,RPN1,0.54,0.9452,0,,,False,,0.945
SERTAD1,up,BRMS1,0.52,0.9452,0,,,False,,0.945
SLC37A2,up,PTAFR,0.89,0.948,6,RUPATADINE|TICLOPIDINE,,True,RUPATADINE,6.948
SLC37A2,up,SYK,0.88,0.9466,35,DASATINIB ANHYDROUS|ENTRECTINIB|ERLOTINIB|FOSTAMATINIB,,True,FOSTAMATINIB|FOSTAMATINIB DISODIUM,6.947
SLC37A2,up,TBXAS1,0.89,0.9461,8,ASPIRIN|OZAGREL|PICOTAMIDE,,True,OZAGREL|PICOTAMIDE,6.946
SLC37A2,up,PIK3R5,0.91,0.9449,35,ALPELISIB|COPANLISIB|INFIGRATINIB|QUERCETIN,,True,ALPELISIB|COPANLISIB|INFIGRATINIB,6.945
SLC37A2,up,CD68,0.89,0.9468,3,BUMETANIDE|FUROSEMIDE,,True,BUMETANIDE|FUROSEMIDE,6.547
SLC37A2,up,DOCK2,0.92,0.9481,2,DEUCRAVACITINIB,,True,DEUCRAVACITINIB,6.348
SLC37A2,up,APOC1,0.88,0.9488,27,ALPROSTADIL|DINOPROSTONE|ILOPROST|MISOPROSTOL,,True,,5.949
SLC37A2,up,HLA-DMB,0.89,0.9456,8,,,True,,3.946
SLC37A2,up,HLA-DMA,0.88,0.9458,8,,,True,,3.946
SLC37A2,up,CD37,0.92,0.9457,3,,,True,,3.546
SLC37A2,up,DOCK8,0.88,0.9481,2,CARBOPLATIN|GEMCITABINE,,False,,3.348
SLC37A2,up,SLC15A3,0.92,0.9458,2,HISTIDINE,,False,,3.346
SLC37A2,up,CEBPA,0.89,0.9453,2,,,True,,3.345
SLC37A2,up,CD84,0.91,0.9469,1,ETANERCEPT,,False,,3.147
SLC37A2,up,SIGLEC8,0.9,0.9471,1,,,True,,3.147
SLC37A2,up,CAPG,0.89,0.9455,1,VINCRISTINE,,False,,3.146
SLC37A2,up,ITGAX,0.93,0.9483,3,,,False,,1.548
SLC37A2,up,LGALS9,0.91,0.9463,1,,,False,,1.146
SLC37A2,up,ADAP2,0.89,0.9498,0,,,False,,0.95
SLC37A2,up,WDFY4,0.91,0.9475,0,,,False,,0.948
SLC37A2,up,APOBR,0.88,0.9477,0,,,False,,0.948
SLC37A2,up,CMTM3,0.9,0.9467,0,,,False,,0.947
SLC37A2,up,TREM2,0.9,0.9465,0,,,False,,0.947
SLC37A2,up,CXCL16,0.89,0.947,0,,,False,,0.947
SLC37A2,up,FXYD5,0.89,0.9472,0,,,False,,0.947
SLC37A2,up,SPN,0.91,0.9464,0,,,False,,0.946
SLC37A2,up,GAB3,0.88,0.946,0,,,False,,0.946
SLC37A2,up,LILRA2,0.91,0.9451,0,,,False,,0.945
SLC37A2,up,FGD3,0.89,0.9454,0,,,False,,0.945
SLC37A2,up,SLC2A9,0.89,0.9453,0,,,False,,0.945
SOHLH2,up,DOK5,0.63,0.9482,10,CYCLOPHOSPHAMIDE ANHYDROUS|CYTARABINE|DAUNORUBICIN LIPOSOMAL|DEXAMETHASONE,,False,,3.948
SOHLH2,up,CFL1,0.6,0.9478,8,CINNARIZINE|CLOFIBRATE|CLOTRIMAZOLE|FENOFIBRATE MICRONIZED,,False,,3.948
SOHLH2,up,ITPA,0.6,0.9473,4,FOLIC ACID|INTERFERON ALFA-2B,,False,,3.747
SOHLH2,up,ADCY2,0.59,0.9467,4,LITHIUM,,False,,3.747
SOHLH2,up,PGD,0.59,0.945,3,PENICILLAMINE|PHENOBARBITAL,,False,,3.545
SOHLH2,up,ECHS1,0.59,0.9462,2,ASPIRIN|CLOPIDOGREL,,False,,3.346
SOHLH2,up,PTRHD1,0.61,0.9494,0,,,False,,0.949
SOHLH2,up,ARPC2,0.59,0.9487,0,,,False,,0.949
SOHLH2,up,SPA17,0.64,0.9474,0,,,False,,0.947
SOHLH2,up,GLUD2,0.6,0.9474,0,,,False,,0.947
SOHLH2,up,TRAPPC1,0.6,0.9467,0,,,False,,0.947
SOHLH2,up,WDR31,0.6,0.9465,0,,,False,,0.947
SOHLH2,up,MANBAL,0.6,0.947,0,,,False,,0.947
SOHLH2,up,CAPZB,0.59,0.9466,0,,,False,,0.947
SOHLH2,up,PLEKHA2,0.63,0.9459,0,,,False,,0.946
SOHLH2,up,IFT22,0.62,0.9464,0,,,False,,0.946
SOHLH2,up,PFKFB2,0.62,0.9464,0,,,False,,0.946
SOHLH2,up,SPARCL1,0.6,0.9456,0,,,False,,0.946
SOHLH2,up,BCAP31,0.59,0.9464,0,,,False,,0.946
SOHLH2,up,METTL9,0.59,0.946,0,,,False,,0.946
SOHLH2,up,PDZD11,0.63,0.9453,0,,,False,,0.945
SOHLH2,up,NLN,0.62,0.9455,0,,,False,,0.945
SOHLH2,up,LYRM2,0.61,0.9454,0,,,False,,0.945
SOHLH2,up,UFC1,0.61,0.9449,0,,,False,,0.945
SOHLH2,up,PARP8,0.61,0.9455,0,,,False,,0.945
SOHLH2,up,LGMN,0.6,0.945,0,,,False,,0.945
SOHLH2,up,LDAH,0.6,0.9449,0,,,False,,0.945
SOHLH2,up,COMMD9,0.6,0.9454,0,,,False,,0.945
SOHLH2,up,RAP2B,0.6,0.9453,0,,,False,,0.945
SOHLH2,up,HMGB3,0.59,0.9455,0,,,False,,0.945
