rank,feature,symbol,mean_abs_shap,loo_delta_auc,univariate_auc,log2fc,direction,mean_expr_als,mean_expr_ctrl,mwu_pvalue,mwu_padj,auc_Cerebellum,auc_Cortex_Frontal,auc_Cortex_Motor_Lateral,auc_Cortex_Motor_Medial,auc_Cortex_Motor_Unspecified,auc_Cortex_Occipital,auc_Cortex_Temporal,auc_Hippocampus,auc_Spinal_Cord_Cervical,auc_Spinal_Cord_Lumbar
1,ENSG00000085276.18,MECOM,0.5511075131646445,0.0011,0.6602,-0.5809,down_in_ALS,181.405,271.3368,1.365e-11,3.1023e-11,0.5547996976568406,0.6177285318559557,0.6380789022298456,0.5562499999999999,0.5972222222222222,0.6285714285714286,0.7136363636363636,0.7045454545454546,0.7578655927510697,0.7131782945736433
2,ENSG00000261599.6,HERC2P8,0.5287764686567472,0.0006,0.6912,-1.1774,down_in_ALS,9.9631,22.5338,6.8416e-16,2.8506e-15,0.7173091458805745,0.7052169898430286,0.653516295025729,0.6458333333333334,0.6689814814814815,0.5285714285714286,0.6363636363636364,0.625,0.7145733702491819,0.7019027484143764
3,ENSG00000183604.14,SMG1P5,0.5111006032657813,0.0008,0.5056,-0.1378,down_in_ALS,1174.0041,1291.6541,0.81242,0.81242,0.5298563869992441,0.5574792243767313,0.5608919382504288,0.7520833333333333,0.5833333333333333,0.8285714285714285,0.6227272727272728,0.6113636363636363,0.5167379813742764,0.5355884425651868
4,ENSG00000197019.5,SERTAD1,0.4029158058371479,0.0038,0.6844,0.1285,up_in_ALS,124.076,113.5,7.0699e-15,2.525e-14,0.6681783824640968,0.6163434903047091,0.5591766723842195,0.6270833333333333,0.826388888888889,0.9571428571428571,0.5363636363636364,0.7,0.7578655927510697,0.7716701902748414
5,ENSG00000213860.4,RPL21P75,0.3698625795471374,0.0018,0.6491,1.0601,up_in_ALS,1.352,0.6484,3.1111e-10,5.9828e-10,0.6107331821617537,0.6638965835641737,0.6329331046312179,0.7770833333333333,0.662037037037037,0.7142857142857143,0.6477272727272727,0.6477272727272727,0.7742260256732947,0.6737138830162086
6,ENSG00000142748.12,FCN3,0.3075858176690467,0.002,0.6126,0.3074,up_in_ALS,6.7149,5.4263,1.9815e-06,3.0961e-06,0.6198034769463341,0.6484302862419206,0.6655231560891939,0.5583333333333333,0.6689814814814815,0.8714285714285714,0.6863636363636364,0.6431818181818182,0.6393153788069469,0.5264270613107822
7,ENSG00000184500.15,PROS1,0.2938826099188049,0.0004,0.7649,0.8229,up_in_ALS,364.1842,205.8736,4.8266e-29,1.2067e-27,0.6870748299319729,0.6491228070175439,0.8610634648370498,0.8291666666666666,0.8611111111111112,0.8142857142857143,0.6613636363636364,0.7340909090909091,0.808205386357916,0.9006342494714588
8,ENSG00000091879.13,ANGPT2,0.2926167526370337,0.0012,0.5986,-0.4798,down_in_ALS,178.9167,249.5105,3.1664e-05,4.6565e-05,0.5026455026455027,0.6045706371191135,0.5317324185248713,0.51875,0.7916666666666667,0.5,0.7045454545454546,0.7204545454545455,0.6473697457840423,0.6300211416490487
9,ENSG00000236682.1,MAP3K2-DT,0.2897163340582234,-0.0002,0.5421,-0.0418,down_in_ALS,37.2018,38.2947,0.07534,0.089691,0.5804988662131519,0.5193905817174516,0.5969125214408233,0.5104166666666665,0.5717592592592593,0.5142857142857142,0.6045454545454546,0.6000000000000001,0.6795872136924238,0.5943152454780363
10,ENSG00000134531.10,EMP1,0.2836625992119038,0.002,0.7402,0.8396,up_in_ALS,1177.4342,657.9421,3.6953e-24,1.8477e-23,0.8034769463340892,0.6805170821791321,0.8679245283018868,0.7583333333333333,0.8472222222222222,0.7142857142857142,0.7022727272727273,0.7022727272727272,0.7905864585955198,0.7942212825933757
11,ENSG00000238622.1,SNORD97,0.2599351019600274,-0.001,0.5698,0.0798,up_in_ALS,3.8173,3.6119,0.0031933,0.0042017,0.5555555555555556,0.5073868882733148,0.5385934819897084,0.59375,0.5671296296296297,0.5571428571428572,0.6,0.5613636363636363,0.6237100427888246,0.6793516560958421
12,ENSG00000142910.16,TINAGL1,0.2574209323971427,0.0021,0.5198,-0.2825,down_in_ALS,300.5512,365.5684,0.40316,0.45813,0.5374149659863946,0.5120036934441367,0.5711835334476844,0.6104166666666667,0.5046296296296295,0.7571428571428571,0.575,0.5318181818181819,0.5079285174930783,0.5987784824994127
13,ENSG00000131730.16,CKMT2,0.2499366344527574,0.0029,0.5891,-0.5977,down_in_ALS,94.6389,143.2158,0.00016774,0.00023298,0.544973544973545,0.6512003693444137,0.8404802744425386,0.7416666666666667,0.5,0.7000000000000001,0.5818181818181818,0.5613636363636363,0.5482003523785552,0.6145172656800564
14,ENSG00000280893.1,ENSG00000280893,0.2477894030944094,-0.0001,0.7602,-1.7085,down_in_ALS,52.5959,171.8967,4.4993e-28,5.6241e-27,0.819349962207105,0.7153739612188366,0.9090909090909091,0.7916666666666667,0.7708333333333334,0.5571428571428572,0.6045454545454545,0.7863636363636364,0.7681852504404731,0.7434813248766737
15,ENSG00000110799.13,VWF,0.2433991147723579,-0.0024,0.7486,-0.7227,down_in_ALS,3211.5552,5300.1053,9.1959e-26,5.7475e-25,0.6817838246409675,0.7130655586334257,0.8439108061749571,0.7791666666666667,0.7800925925925926,0.6857142857142857,0.5727272727272728,0.7863636363636364,0.7774981122577398,0.811604416255579
16,ENSG00000184113.9,CLDN5,0.2273709568499143,0.0032,0.6262,-0.6519,down_in_ALS,1021.5336,1605.0421,9.9648e-08,1.6608e-07,0.5207860922146637,0.5997229916897507,0.6243567753001715,0.6291666666666667,0.5787037037037037,0.6,0.6863636363636364,0.6590909090909091,0.6954442486785805,0.7237491190979564
17,ENSG00000123358.20,NR4A1,0.2272845904991423,0.0005,0.5473,-0.6132,down_in_ALS,932.3348,1426.1421,0.04593,0.057413,0.5200302343159486,0.6518928901200369,0.6106346483704974,0.5062500000000001,0.6851851851851851,0.6571428571428571,0.6477272727272727,0.6545454545454545,0.5220236597029952,0.5438101949729857
18,ENSG00000223718.3,RPL15P11,0.2232604080000958,-0.0007,0.6452,-0.819,down_in_ALS,0.367,0.6474,8.7485e-10,1.5622e-09,0.6991685563114134,0.6207294552169899,0.6843910806174958,0.7458333333333333,0.6342592592592593,0.6428571428571429,0.6613636363636364,0.6227272727272728,0.5980367480493329,0.6847545219638242
19,ENSG00000120669.16,SOHLH2,0.2215227866788024,-0.0018,0.6721,0.6853,up_in_ALS,14.9864,9.3199,3.7639e-13,1.1762e-12,0.5895691609977324,0.605724838411819,0.6397941680960549,0.7979166666666666,0.7060185185185184,0.5857142857142857,0.5840909090909091,0.8136363636363636,0.7734709287691921,0.7369039229504346
20,ENSG00000203616.2,RHOT1P2,0.221075413001214,-0.0005,0.6622,-1.4886,down_in_ALS,1.8729,5.2556,7.6098e-12,1.9025e-11,0.5653817082388511,0.7324561403508771,0.6672384219554031,0.6875,0.7893518518518519,0.6142857142857143,0.5954545454545455,0.7272727272727273,0.6473697457840423,0.5492130608409679
21,ENSG00000049860.14,HEXB,0.2168350911359472,0.0002,0.7567,0.5713,up_in_ALS,534.5936,359.7895,2.3119e-27,1.9266e-26,0.6039304610733183,0.6020313942751616,0.7958833619210979,0.7604166666666666,0.8541666666666666,0.6857142857142857,0.6613636363636363,0.9227272727272726,0.8575383840926252,0.9151984965938453
22,ENSG00000279656.1,ENSG00000279656,0.2115814621712366,-0.0002,0.511,-0.0784,down_in_ALS,20.8713,22.0368,0.64308,0.66987,0.5986394557823129,0.5133887349953832,0.6329331046312179,0.64375,0.6273148148148148,0.5,0.6613636363636364,0.5204545454545455,0.5416561792096652,0.5038759689922481
23,ENSG00000226308.1,LOC112268270,0.2113379911232892,0.0063,0.5144,-0.3108,down_in_ALS,6.2076,7.7,0.54257,0.58975,0.5857898715041572,0.5373961218836565,0.7667238421955402,0.7416666666666667,0.7037037037037037,0.5714285714285714,0.5159090909090909,0.6363636363636364,0.6025673294739492,0.5391120507399577
24,ENSG00000124370.11,MCEE,0.2063719547096127,0.0008,0.6626,0.1322,up_in_ALS,61.0526,55.7053,6.7158e-12,1.8655e-11,0.5026455026455027,0.6018005540166206,0.6809605488850772,0.70625,0.886574074074074,0.5857142857142857,0.6272727272727273,0.9386363636363636,0.680845708532595,0.7672069532534649
25,ENSG00000134955.11,SLC37A2,0.204290214807479,0.0012,0.6495,1.0424,up_in_ALS,230.4781,111.9,2.8015e-10,5.8365e-10,0.5691609977324262,0.5124653739612188,0.6380789022298455,0.7875,0.5347222222222222,0.5857142857142857,0.5431818181818182,0.5954545454545455,0.8514976088598036,0.7942212825933758
