Gene_set,Term,Overlap,P-value,Adjusted P-value,Old P-value,Old Adjusted P-value,Odds Ratio,Combined Score,Genes,Library,panel_gene
GO_Biological_Process_2023,interleukin-17A-mediated Signaling Pathway (GO:0038173),1/5,0.0034953988931204,0.0459049277744025,0,0,384.2692307692308,2173.5450385769154,TRAF3IP2,GO_Biological_Process_2023,EMP1
Reactome_2022,TFAP2 (AP-2) Family Regulates Transcription Of Cell Cycle Factors R-HSA-8866911,1/5,0.0034953988931204,0.0468966018160329,0,0,384.2692307692308,2173.5450385769154,CDKN1A,Reactome_2022,EMP1
GO_Biological_Process_2023,Positive Regulation Of Epithelial Cell Differentiation Involved In Kidney Development (GO:2000698),1/5,0.0034953988931204,0.0459049277744025,0,0,384.2692307692308,2173.5450385769154,LIF,GO_Biological_Process_2023,EMP1
GO_Biological_Process_2023,Positive Regulation Of Vesicle Fusion (GO:0031340),1/5,0.0034953988931204,0.0459049277744025,0,0,384.2692307692308,2173.5450385769154,ANXA1,GO_Biological_Process_2023,EMP1
GO_Biological_Process_2023,Positive Regulation Of Unsaturated Fatty Acid Biosynthetic Process (GO:2001280),1/6,0.0041931197986946,0.0459049277744025,0,0,307.4,1682.8029678019434,ANXA1,GO_Biological_Process_2023,EMP1
GO_Biological_Process_2023,Negative Regulation Of Phospholipase Activity (GO:0010519),1/7,0.0048903875335643,0.0459049277744025,0,0,256.15384615384613,1362.8623704331803,ANXA1,GO_Biological_Process_2023,EMP1
GO_Biological_Process_2023,Positive Regulation Of Myeloid Cell Apoptotic Process (GO:0033034),1/7,0.0048903875335643,0.0459049277744025,0,0,256.15384615384613,1362.8623704331803,ANXA1,GO_Biological_Process_2023,EMP1
GO_Biological_Process_2023,Myoblast Migration (GO:0051451),1/7,0.0048903875335643,0.0459049277744025,0,0,256.15384615384613,1362.8623704331803,ANXA1,GO_Biological_Process_2023,EMP1
GO_Biological_Process_2023,Regulation Of Phospholipase A2 Activity (GO:0032429),1/7,0.0048903875335643,0.0459049277744025,0,0,256.15384615384613,1362.8623704331803,ANXA1,GO_Biological_Process_2023,EMP1
GO_Biological_Process_2023,Stress-Induced Premature Senescence (GO:0090400),1/7,0.0048903875335643,0.0459049277744025,0,0,256.15384615384613,1362.8623704331803,CDKN1A,GO_Biological_Process_2023,EMP1
GO_Biological_Process_2023,Regulation Of DNA-templated Transcription Initiation (GO:2000142),1/8,0.0055872022837974,0.0459049277744025,0,0,219.5494505494505,1138.8637280375192,FOSL1,GO_Biological_Process_2023,EMP1
GO_Biological_Process_2023,Regulation Of Vesicle Fusion (GO:0031338),1/8,0.0055872022837974,0.0459049277744025,0,0,219.5494505494505,1138.8637280375192,ANXA1,GO_Biological_Process_2023,EMP1
GO_Biological_Process_2023,Regulation Of Nephron Tubule Epithelial Cell Differentiation (GO:0072182),1/8,0.0055872022837974,0.0459049277744025,0,0,219.5494505494505,1138.8637280375192,LIF,GO_Biological_Process_2023,EMP1
GO_Biological_Process_2023,Arachidonic Acid Secretion (GO:0050482),1/9,0.0062835642580931,0.0459049277744025,0,0,192.09615384615384,973.8925197668603,ANXA1,GO_Biological_Process_2023,EMP1
GO_Biological_Process_2023,Positive Regulation Of Epidermis Development (GO:0045684),1/9,0.0062835642580931,0.0459049277744025,0,0,192.09615384615384,973.8925197668603,SFN,GO_Biological_Process_2023,EMP1
GO_Biological_Process_2023,Skeletal Muscle Tissue Regeneration (GO:0043403),1/9,0.0062835642580931,0.0459049277744025,0,0,192.09615384615384,973.8925197668603,ANXA1,GO_Biological_Process_2023,EMP1
GO_Biological_Process_2023,Negative Regulation Of Hormone Secretion (GO:0046888),1/9,0.0062835642580931,0.0459049277744025,0,0,192.09615384615384,973.8925197668603,LIF,GO_Biological_Process_2023,EMP1
GO_Biological_Process_2023,Negative Regulation Of Muscle Cell Apoptotic Process (GO:0010656),1/9,0.0062835642580931,0.0459049277744025,0,0,192.09615384615384,973.8925197668603,BAG3,GO_Biological_Process_2023,EMP1
GO_Biological_Process_2023,Arachidonate Transport (GO:1903963),1/9,0.0062835642580931,0.0459049277744025,0,0,192.09615384615384,973.8925197668603,ANXA1,GO_Biological_Process_2023,EMP1
GO_Biological_Process_2023,Granulocyte Migration (GO:0097530),1/9,0.0062835642580931,0.0459049277744025,0,0,192.09615384615384,973.8925197668603,ANXA1,GO_Biological_Process_2023,EMP1
Reactome_2022,Downregulation Of SMAD2/3:SMAD4 Transcriptional Activity R-HSA-2173795,2/31,0.00020913783305828015,0.0151760006775606,0,0,114.69540229885058,971.7587498188318,TGIF1;WWTR1,Reactome_2022,EMP1
GO_Biological_Process_2023,Positive Regulation Of Protein Localization To Nucleus (GO:1900182),3/72,1.5825925432177543e-05,0.003803986290329,0,0,78.72332015810277,870.1966473439037,WWTR1;BAG3;LIF,GO_Biological_Process_2023,EMP1
KEGG_2021_Human,p53 signaling pathway,3/73,1.649737171359446e-05,0.0012702976219467,0,0,77.59480519480519,854.498008832388,CDKN1A;GADD45B;SFN,KEGG_2021_Human,EMP1
GO_Biological_Process_2023,Positive Regulation Of Macrophage Differentiation (GO:0045651),1/10,0.0069794736802133,0.0483053046814765,0,0,170.74358974358975,847.7046615380154,LIF,GO_Biological_Process_2023,EMP1
GO_Biological_Process_2023,Urogenital System Development (GO:0001655),1/10,0.0069794736802133,0.0483053046814765,0,0,170.74358974358975,847.7046615380154,ANXA1,GO_Biological_Process_2023,EMP1
Reactome_2022,SMAD2/SMAD3:SMAD4 Heterotrimer Regulates Transcription R-HSA-2173796,2/36,0.000282782621321006,0.0151760006775606,0,0,97.80392156862744,799.139419708988,TGIF1;WWTR1,Reactome_2022,EMP1
KEGG_2021_Human,Thyroid cancer,2/37,0.0002988222171700243,0.0057523276805229,0,0,95.0047619047619,771.0265125260339,CDKN1A;GADD45B,KEGG_2021_Human,EMP1
GO_Biological_Process_2023,Negative Regulation Of Secretion By Cell (GO:1903531),2/40,0.00034955273047183893,0.0153220613523489,0,0,87.49122807017544,696.3300971664896,ANXA1;LIF,GO_Biological_Process_2023,EMP1
GO_Biological_Process_2023,Negative Regulation Of Protein Kinase Activity (GO:0006469),3/88,2.892765239793988e-05,0.003803986290329,0,0,63.85347593582888,667.3143248738534,WWTR1;CDKN1A;SFN,GO_Biological_Process_2023,EMP1
Reactome_2022,Interleukin-4 And Interleukin-13 Signaling R-HSA-6785807,3/107,5.191409121134976e-05,0.0083581686850273,0,0,52.13811188811189,514.3904563597044,CDKN1A;ANXA1;LIF,Reactome_2022,EMP1
Reactome_2022,Transcriptional Activity Of SMAD2/SMAD3:SMAD4 Heterotrimer R-HSA-2173793,2/51,0.0005688783229383101,0.0228973524982669,0,0,67.81292517006803,506.6875974033785,TGIF1;WWTR1,Reactome_2022,EMP1
GO_Biological_Process_2023,Regulation Of Protein Localization To Nucleus (GO:1900180),2/52,0.0005913970865463289,0.0194421792202105,0,0,66.45333333333333,493.94914691461696,WWTR1;LIF,GO_Biological_Process_2023,EMP1
GO_Biological_Process_2023,Regulation Of Protein Kinase Activity (GO:0045859),3/119,7.126380256623058e-05,0.0062474600249728,0,0,46.71630094043887,446.0996588137753,WWTR1;CDKN1A;SFN,GO_Biological_Process_2023,EMP1
KEGG_2021_Human,Endometrial cancer,2/58,0.00073547385272901,0.0088127921142619,0,0,59.31547619047619,427.96089788083634,CDKN1A;GADD45B,KEGG_2021_Human,EMP1
KEGG_2021_Human,Cell cycle,3/124,8.054598906401727e-05,0.0031010205789646,0,0,44.77460555972953,422.0759792095258,CDKN1A;GADD45B;SFN,KEGG_2021_Human,EMP1
GO_Biological_Process_2023,Negative Regulation Of Kinase Activity (GO:0033673),2/62,0.0008400240681185265,0.0245473699905747,0,0,55.35,391.9931287757488,WWTR1;SFN,GO_Biological_Process_2023,EMP1
KEGG_2021_Human,Basal cell carcinoma,2/63,0.0008672192285085808,0.0088127921142619,0,0,54.439890710382514,383.81313847540514,CDKN1A;GADD45B,KEGG_2021_Human,EMP1
GO_Biological_Process_2023,Negative Regulation Of Protein Phosphorylation (GO:0001933),3/149,0.00013887917369132856,0.0091313056702048,0,0,37.06102117061021,329.17251582135134,WWTR1;CDKN1A;SFN,GO_Biological_Process_2023,EMP1
GO_Biological_Process_2023,Response To Ionizing Radiation (GO:0010212),2/72,0.0011309036960398,0.0290504853320202,0,0,47.41904761904762,321.7258254417712,CDKN1A;ANXA1,GO_Biological_Process_2023,EMP1
KEGG_2021_Human,Non-small cell lung cancer,2/72,0.0011309036960398,0.0088127921142619,0,0,47.41904761904762,321.7258254417712,CDKN1A;GADD45B,KEGG_2021_Human,EMP1
KEGG_2021_Human,Melanoma,2/72,0.0011309036960398,0.0088127921142619,0,0,47.41904761904762,321.7258254417712,CDKN1A;GADD45B,KEGG_2021_Human,EMP1
KEGG_2021_Human,Cellular senescence,3/156,0.00015907156995412518,0.0040828369621558,0,0,35.35294117647059,309.20235030853047,CDKN1A;GADD45B;TRAF3IP2,KEGG_2021_Human,EMP1
GO_Biological_Process_2023,Negative Regulation Of Phosphorylation (GO:0042326),2/75,0.0012263294238969,0.0290504853320202,0,0,45.4634703196347,304.774819858399,WWTR1;CDKN1A,GO_Biological_Process_2023,EMP1
KEGG_2021_Human,Glioma,2/75,0.0012263294238969,0.0088127921142619,0,0,45.4634703196347,304.774819858399,CDKN1A;GADD45B,KEGG_2021_Human,EMP1
KEGG_2021_Human,Chronic myeloid leukemia,2/76,0.0012589703020374,0.0088127921142619,0,0,44.84684684684685,299.46307584841253,CDKN1A;GADD45B,KEGG_2021_Human,EMP1
KEGG_2021_Human,Pancreatic cancer,2/76,0.0012589703020374,0.0088127921142619,0,0,44.84684684684685,299.46307584841253,CDKN1A;GADD45B,KEGG_2021_Human,EMP1
GO_Biological_Process_2023,Negative Regulation Of Protein Modification Process (GO:0031400),2/78,0.0013254974295978,0.0290504853320202,0,0,43.66228070175438,289.3048516583327,WWTR1;CDKN1A,GO_Biological_Process_2023,EMP1
GO_Biological_Process_2023,Positive Regulation Of Protein Localization (GO:1903829),2/85,0.0015713649938221,0.0295192673943234,0,0,39.96586345381526,258.0120455041712,WWTR1;LIF,GO_Biological_Process_2023,EMP1
KEGG_2021_Human,Colorectal cancer,2/86,0.0016081357833763,0.0103188712766646,0,0,39.48809523809524,254.01426742111903,CDKN1A;GADD45B,KEGG_2021_Human,EMP1
Reactome_2022,Chaperonin-mediated Protein Folding R-HSA-390466,2/90,0.0017593156889336,0.0402161889854532,0,0,37.68560606060606,239.03340620516263,TUBB6;GNG12,Reactome_2022,EMP1
Reactome_2022,Signaling By TGF-beta Receptor Complex R-HSA-170834,2/91,0.0017981323113668,0.0402161889854532,0,0,37.26029962546816,235.52260572132244,TGIF1;WWTR1,Reactome_2022,EMP1
KEGG_2021_Human,Small cell lung cancer,2/92,0.0018373565774843,0.0105436430761643,0,0,36.84444444444444,232.09890224450945,CDKN1A;GADD45B,KEGG_2021_Human,EMP1
KEGG_2021_Human,IL-17 signaling pathway,2/94,0.001917026013848,0.0105436430761643,0,0,36.039855072463766,225.50066121848295,FOSL1;TRAF3IP2,KEGG_2021_Human,EMP1
Reactome_2022,Transcriptional Regulation By RUNX3 R-HSA-8878159,2/95,0.0019574701719015,0.0402161889854532,0,0,35.6505376344086,222.32040216487016,WWTR1;CDKN1A,Reactome_2022,EMP1
Reactome_2022,Protein Folding R-HSA-391251,2/96,0.0019983199495877,0.0402161889854532,0,0,35.269503546099294,219.2157820877061,TUBB6;GNG12,Reactome_2022,EMP1
GO_Biological_Process_2023,Intrinsic Apoptotic Signaling Pathway (GO:0097193),2/105,0.0023841376349213,0.039926948876009,0,0,32.17313915857605,194.29094270402075,CDKN1A;SFN,GO_Biological_Process_2023,EMP1
GO_Biological_Process_2023,Regulation Of G1/S Transition Of Mitotic Cell Cycle (GO:2000045),2/106,0.002429015901202,0.039926948876009,0,0,31.862179487179485,191.81889407044008,CDKN1A;ANXA1,GO_Biological_Process_2023,EMP1
GO_Biological_Process_2023,Inflammatory Response (GO:0006954),3/236,0.0005363462707205775,0.0194421792202105,0,0,23.120952009364025,174.11766028974935,SERPINA3;ANXA1;TRAF3IP2,GO_Biological_Process_2023,EMP1
Reactome_2022,Signaling By TGFB Family Members R-HSA-9006936,2/119,0.0030486596286902,0.0468966018160329,0,0,28.303418803418804,163.96321231241305,TGIF1;WWTR1,Reactome_2022,EMP1
Reactome_2022,Transcriptional Regulation By RUNX2 R-HSA-8878166,2/119,0.0030486596286902,0.0468966018160329,0,0,28.303418803418804,163.96321231241305,WWTR1;CDKN1A,Reactome_2022,EMP1
KEGG_2021_Human,Osteoclast differentiation,2/127,0.0034631122521909,0.0177085869048994,0,0,26.48133333333333,150.03231374792333,LILRA6;FOSL1,KEGG_2021_Human,EMP1
KEGG_2021_Human,FoxO signaling pathway,2/131,0.0036797063698492,0.0177085869048994,0,0,25.655038759689923,143.79449938483123,CDKN1A;GADD45B,KEGG_2021_Human,EMP1
GO_Biological_Process_2023,Positive Regulation Of Cell Population Proliferation (GO:0008284),4/483,0.000277378980804576,0.0145901343903206,0,0,16.289770354906054,133.41526886879564,FOSL1;WWTR1;CDKN1A;LIF,GO_Biological_Process_2023,EMP1
KEGG_2021_Human,Breast cancer,2/147,0.0046078029097597,0.020236858486553,0,0,22.80574712643678,122.6950136783122,CDKN1A;GADD45B,KEGG_2021_Human,EMP1
KEGG_2021_Human,Gastric cancer,2/149,0.0047306941916617,0.020236858486553,0,0,22.49319727891157,120.42145516840182,CDKN1A;GADD45B,KEGG_2021_Human,EMP1
KEGG_2021_Human,JAK-STAT signaling pathway,2/162,0.0055662628224102,0.0214301118662795,0,0,20.652083333333334,107.20561301190271,CDKN1A;LIF,KEGG_2021_Human,EMP1
KEGG_2021_Human,Hepatocellular carcinoma,2/168,0.0059732178817874,0.0219017988998871,0,0,19.899598393574298,101.89528640005966,CDKN1A;GADD45B,KEGG_2021_Human,EMP1
KEGG_2021_Human,Transcriptional misregulation in cancer,2/192,0.007733163058087,0.0261499397782827,0,0,17.364912280701756,84.4323243339294,CDKN1A;GADD45B,KEGG_2021_Human,EMP1
KEGG_2021_Human,Kaposi sarcoma-associated herpesvirus infection,2/193,0.0078110209727337,0.0261499397782827,0,0,17.273123909249563,83.81299033960693,CDKN1A;GNG12,KEGG_2021_Human,EMP1
KEGG_2021_Human,Epstein-Barr virus infection,2/202,0.0085278008702042,0.0273600277919053,0,0,16.488333333333333,78.55740712825308,CDKN1A;GADD45B,KEGG_2021_Human,EMP1
KEGG_2021_Human,Human T-cell leukemia virus 1 infection,2/219,0.0099596659718239,0.0306757711932176,0,0,15.183563748079877,69.98426035729229,FOSL1;CDKN1A,KEGG_2021_Human,EMP1
KEGG_2021_Human,Human cytomegalovirus infection,2/225,0.0104890292346004,0.0310636635024706,0,0,14.770553064275038,67.31569374910849,CDKN1A;GNG12,KEGG_2021_Human,EMP1
Reactome_2022,Signaling By Interleukins R-HSA-449147,3/453,0.0034883881501613,0.0468966018160329,0,0,11.84,66.9944554909185,CDKN1A;ANXA1;LIF,Reactome_2022,EMP1
GO_Biological_Process_2023,Regulation Of Cell Population Proliferation (GO:0042127),4/766,0.0015713678460856,0.0295192673943234,0,0,10.091338582677166,65.14775241962856,FOSL1;WWTR1;CDKN1A;LIF,GO_Biological_Process_2023,EMP1
GO_Biological_Process_2023,Negative Regulation Of Apoptotic Process (GO:0043066),3/482,0.0041535639868442,0.0459049277744025,0,0,11.106661605617765,60.90658342262518,ANXA1;BAG3;SFN,GO_Biological_Process_2023,EMP1
KEGG_2021_Human,Pathways in cancer,3/531,0.005444816221624,0.0214301118662795,0,0,10.050619834710744,52.39479856801597,CDKN1A;GADD45B;GNG12,KEGG_2021_Human,EMP1
KEGG_2021_Human,MAPK signaling pathway,2/294,0.0174410682541221,0.0497393427987928,0,0,11.240867579908675,45.513459096483714,GADD45B;GNG12,KEGG_2021_Human,EMP1
GO_Biological_Process_2023,Positive Regulation Of Striated Muscle Contraction (GO:0045989),2/6,2.429699630089033e-05,0.0092814525869401,0,0,416.0416666666667,4420.508369807684,RGS2;GSTO1,GO_Biological_Process_2023,HEXB
GO_Biological_Process_2023,Negative Regulation Of Release Of Sequestered Calcium Ion Into Cytosol (GO:0051280),2/11,8.873438171949139e-05,0.010160844811435,0,0,184.86111111111111,1724.7288639352953,GSTO1;CLIC2,GO_Biological_Process_2023,HEXB
GO_Biological_Process_2023,Negative Regulation Of Ryanodine-Sensitive Calcium-Release Channel Activity (GO:0060315),2/11,8.873438171949139e-05,0.010160844811435,0,0,184.86111111111111,1724.7288639352953,GSTO1;CLIC2,GO_Biological_Process_2023,HEXB
GO_Biological_Process_2023,Negative Regulation Of Cardiac Muscle Hypertrophy (GO:0010614),2/12,0.00010639628074801148,0.010160844811435,0,0,166.36666666666667,1521.9788208594728,RGS2;PPARG,GO_Biological_Process_2023,HEXB
GO_Biological_Process_2023,Regulation Of Cardiac Muscle Contraction By Regulation Of The Release Of Sequestered Calcium Ion (GO:0010881),2/16,0.0001928308312214584,0.0147322755053194,0,0,118.8095238095238,1016.2607001246404,GSTO1;CLIC2,GO_Biological_Process_2023,HEXB
GO_Biological_Process_2023,Regulation Of Cardiac Muscle Contraction By Calcium Ion Signaling (GO:0010882),2/20,0.00030434158117427734,0.0193764140014289,0,0,92.38888888888889,748.1060808668657,GSTO1;CLIC2,GO_Biological_Process_2023,HEXB
GO_Biological_Process_2023,Regulation Of Release Of Sequestered Calcium Ion Into Cytosol By Sarcoplasmic Reticulum (GO:0010880),2/22,0.0003694246681570649,0.0201600318908569,0,0,83.14166666666667,657.1154597419012,GSTO1;CLIC2,GO_Biological_Process_2023,HEXB
GO_Biological_Process_2023,Regulation Of Ryanodine-Sensitive Calcium-Release Channel Activity (GO:0060314),2/24,0.000440685977694345,0.0210427554349049,0,0,75.57575757575758,583.9873316414673,GSTO1;CLIC2,GO_Biological_Process_2023,HEXB
GO_Biological_Process_2023,Negative Regulation Of Cation Channel Activity (GO:2001258),2/28,0.0006016231301227688,0.0233578663071204,0,0,63.93589743589744,474.14090077631073,GSTO1;CLIC2,GO_Biological_Process_2023,HEXB
GO_Biological_Process_2023,Negative Regulation Of Calcium Ion Transmembrane Transporter Activity (GO:1901020),2/30,0.0006912391650978139,0.0235032189810428,0,0,59.36309523809524,431.9867091057638,GSTO1;CLIC2,GO_Biological_Process_2023,HEXB
GO_Biological_Process_2023,Positive Regulation Of Mononuclear Cell Migration (GO:0071677),2/31,0.0007383210151112932,0.0235032189810428,0,0,57.3132183908046,413.2931744558728,LGALS3;PLA2G7,GO_Biological_Process_2023,HEXB
GO_Biological_Process_2023,Regulation Of Primary Metabolic Process (GO:0080090),2/43,0.0014201022558982,0.0417291585963949,0,0,40.51422764227642,265.65286017600937,LACTB;PPARG,GO_Biological_Process_2023,HEXB
GO_Biological_Process_2023,Positive Regulation Of Pathway-Restricted SMAD Protein Phosphorylation (GO:0010862),2/49,0.0018406022262669,0.0447697139203319,0,0,35.33156028368794,222.50624099408685,SDCBP;PPARG,GO_Biological_Process_2023,HEXB
GO_Biological_Process_2023,Positive Regulation Of Fat Cell Differentiation (GO:0045600),2/50,0.0019157650058532,0.0447697139203319,0,0,34.59375,216.47517339281177,CREBL2;PPARG,GO_Biological_Process_2023,HEXB
GO_Biological_Process_2023,Negative Regulation Of MAP Kinase Activity (GO:0043407),2/51,0.0019923694676587,0.0447697139203319,0,0,33.886054421768705,210.71807980633,RGS2;PPARG,GO_Biological_Process_2023,HEXB
GO_Biological_Process_2023,Regulation Of Release Of Sequestered Calcium Ion Into Cytosol (GO:0051279),2/51,0.0019923694676587,0.0447697139203319,0,0,33.886054421768705,210.71807980633,GSTO1;CLIC2,GO_Biological_Process_2023,HEXB
GO_Biological_Process_2023,Regulation Of Lipid Metabolic Process (GO:0019216),2/54,0.002230797156523,0.047342472988434,0,0,31.92628205128205,194.92260392854524,LACTB;PPARG,GO_Biological_Process_2023,HEXB
GO_Biological_Process_2023,Protein Targeting (GO:0006605),3/129,0.0006114624687727867,0.0233578663071204,0,0,20.546583850931675,152.03767261589587,SDCBP;ZDHHC6;MAN1A1,GO_Biological_Process_2023,HEXB
GO_Biological_Process_2023,Negative Regulation Of Phospholipase Activity (GO:0010519),2/7,1.7904056143126626e-05,0.0050489438323617,0,0,470.0235294117647,5137.584325029693,RGS2;ANXA1,GO_Biological_Process_2023,PROS1
GO_Biological_Process_2023,"Regulation Of CD4-positive, Alpha-Beta T Cell Differentiation (GO:0043370)",2/11,7.540109655030562e-05,0.0200566916823812,0,0,201.68686868686868,1914.5506673793325,RUNX3;HLA-DRB1,GO_Biological_Process_2023,SLC37A2
GO_Biological_Process_2023,Epoxygenase P450 Pathway (GO:0019373),2/17,0.00018562933966781003,0.0246887021758187,0,0,120.97575757575756,1039.394514011186,CYP2S1;CYP4F12,GO_Biological_Process_2023,SLC37A2
GO_Biological_Process_2023,Immunoglobulin Mediated Immune Response (GO:0016064),2/30,0.0005881163648560729,0.0469253063565239,0,0,64.76623376623377,481.769182294251,IL2RB;HLA-DRB1,GO_Biological_Process_2023,SLC37A2
GO_Biological_Process_2023,Negative Regulation Of T Cell Proliferation (GO:0042130),2/36,0.0008480218264323183,0.0469253063565239,0,0,53.32085561497326,377.1173065055224,GPNMB;HLA-DRB1,GO_Biological_Process_2023,SLC37A2
GO_Biological_Process_2023,Negative Regulation Of Lymphocyte Proliferation (GO:0050672),2/39,0.0009952474592520714,0.0469253063565239,0,0,48.99017199017199,338.6455019929658,GPNMB;HLA-DRB1,GO_Biological_Process_2023,SLC37A2
GO_Biological_Process_2023,Regulation Of Viral Entry Into Host Cell (GO:0046596),2/44,0.0012659452144418,0.0469253063565239,0,0,43.14718614718615,287.87527450942133,CIITA;HLA-DRB1,GO_Biological_Process_2023,SLC37A2
KEGG_2021_Human,Phagosome,4/152,3.02673279822336e-05,0.0014830990711294,0,0,26.7945945945946,278.8095922408256,MSR1;NCF2;OLR1;HLA-DRB1,KEGG_2021_Human,SLC37A2
KEGG_2021_Human,Th1 and Th2 cell differentiation,3/92,0.0001777476099679932,0.0043548164442158,0,0,31.921348314606742,275.64550115143754,IL2RB;RUNX3;HLA-DRB1,KEGG_2021_Human,SLC37A2
GO_Biological_Process_2023,Negative Regulation Of T Cell Activation (GO:0050868),2/49,0.0015679866104777,0.0469253063565239,0,0,38.54738878143134,248.93760650075663,GPNMB;HLA-DRB1,GO_Biological_Process_2023,SLC37A2
GO_Biological_Process_2023,Arachidonic Acid Metabolic Process (GO:0019369),2/52,0.0017641092615234,0.0469253063565239,0,0,36.22909090909091,229.6963992347988,CYP2S1;CYP4F12,GO_Biological_Process_2023,SLC37A2
GO_Biological_Process_2023,Icosanoid Metabolic Process (GO:0006690),2/52,0.0017641092615234,0.0469253063565239,0,0,36.22909090909091,229.6963992347988,CYP2S1;CYP4F12,GO_Biological_Process_2023,SLC37A2
KEGG_2021_Human,Leishmaniasis,2/77,0.0038222540446578,0.0480196945610703,0,0,24.12242424242424,134.2874845394686,NCF2;HLA-DRB1,KEGG_2021_Human,SLC37A2
KEGG_2021_Human,Antigen processing and presentation,2/78,0.0039199750662098,0.0480196945610703,0,0,23.80382775119617,131.91295779740312,CIITA;HLA-DRB1,KEGG_2021_Human,SLC37A2
GO_Biological_Process_2023,Negative Regulation Of Cytokine Production (GO:0001818),3/178,0.0012225546482517,0.0469253063565239,0,0,16.164081632653062,108.40946693622864,GPNMB;HLA-DRB1;CMKLR1,GO_Biological_Process_2023,SLC37A2
Reactome_2022,Immune System R-HSA-168256,9/1943,0.0002552504508315139,0.0255250450831513,0,0,5.597311271975181,46.30804131387914,CIITA;PSTPIP1;NCF2;SIGLEC11;P2RX1;IL2RB;OLR1;LILRA1;HLA-DRB1,Reactome_2022,SLC37A2
