feature,symbol,selection_freq,n_selected,is_panel
ENSG00000197019.5,SERTAD1,0.72,72,True
ENSG00000261599.6,HERC2P8,0.66,66,True
ENSG00000049860.14,HEXB,0.63,63,True
ENSG00000280893.1,ENSG00000280893,0.57,57,True
ENSG00000085276.18,MECOM,0.52,52,True
ENSG00000134531.10,EMP1,0.51,51,True
ENSG00000184500.15,PROS1,0.45,45,True
ENSG00000142748.12,FCN3,0.43,43,True
ENSG00000255769.7,,0.41,41,False
ENSG00000131730.16,CKMT2,0.38,38,True
ENSG00000110799.13,VWF,0.38,38,True
ENSG00000151632.17,,0.37,37,False
ENSG00000091879.13,ANGPT2,0.34,34,True
ENSG00000230178.1,,0.31,31,False
ENSG00000260644.6,,0.31,31,False
ENSG00000184113.9,CLDN5,0.3,30,True
ENSG00000284931.1,,0.28,28,False
ENSG00000183604.14,SMG1P5,0.27,27,True
ENSG00000007038.11,,0.26,26,False
ENSG00000134955.11,SLC37A2,0.26,26,True
ENSG00000150687.12,,0.24,24,False
ENSG00000213860.4,RPL21P75,0.24,24,True
ENSG00000198959.12,,0.23,23,False
ENSG00000142910.16,TINAGL1,0.23,23,True
ENSG00000120669.16,SOHLH2,0.22,22,True
ENSG00000203616.2,RHOT1P2,0.19,19,True
ENSG00000123358.20,NR4A1,0.19,19,True
ENSG00000136235.16,,0.18,18,False
ENSG00000248668.2,,0.18,18,False
ENSG00000236611.1,,0.17,17,False
ENSG00000261798.1,,0.17,17,False
ENSG00000131981.16,,0.17,17,False
ENSG00000132518.6,,0.16,16,False
ENSG00000279656.1,ENSG00000279656,0.16,16,True
ENSG00000237624.1,,0.15,15,False
ENSG00000124370.11,MCEE,0.15,15,True
ENSG00000141682.11,,0.15,15,False
ENSG00000260653.5,,0.14,14,False
ENSG00000252697.1,,0.14,14,False
ENSG00000233190.1,,0.14,14,False
ENSG00000125954.12,,0.14,14,False
ENSG00000260300.5,,0.13,13,False
ENSG00000128918.15,,0.13,13,False
ENSG00000166275.15,,0.13,13,False
ENSG00000268388.5,,0.12,12,False
ENSG00000073737.16,,0.12,12,False
ENSG00000263755.2,,0.12,12,False
ENSG00000230267.7,,0.11,11,False
ENSG00000229828.2,,0.11,11,False
ENSG00000233579.1,,0.11,11,False
ENSG00000105699.16,,0.1,10,False
ENSG00000205502.4,,0.1,10,False
ENSG00000286065.1,,0.1,10,False
ENSG00000243302.3,,0.1,10,False
ENSG00000266524.3,,0.1,10,False
ENSG00000244414.6,,0.1,10,False
ENSG00000267074.1,,0.1,10,False
ENSG00000214485.6,,0.1,10,False
ENSG00000103023.11,,0.1,10,False
ENSG00000203620.2,,0.09,9,False
ENSG00000231106.2,,0.09,9,False
ENSG00000078401.7,,0.09,9,False
ENSG00000235162.8,,0.09,9,False
ENSG00000285578.1,,0.09,9,False
ENSG00000113249.12,,0.08,8,False
ENSG00000250252.1,,0.08,8,False
ENSG00000085491.17,,0.08,8,False
ENSG00000257702.3,,0.08,8,False
ENSG00000259846.1,,0.08,8,False
ENSG00000023445.14,,0.08,8,False
ENSG00000142675.18,,0.08,8,False
ENSG00000143162.9,,0.08,8,False
ENSG00000231697.3,,0.08,8,False
ENSG00000176532.4,,0.08,8,False
ENSG00000184616.9,,0.08,8,False
ENSG00000214184.3,,0.07,7,False
ENSG00000267312.1,,0.07,7,False
ENSG00000223718.3,RPL15P11,0.07,7,True
ENSG00000230663.1,,0.07,7,False
ENSG00000237027.1,,0.07,7,False
ENSG00000273012.1,,0.07,7,False
ENSG00000148803.12,,0.07,7,False
ENSG00000182912.6,,0.07,7,False
ENSG00000026652.14,,0.06,6,False
ENSG00000203883.7,,0.06,6,False
ENSG00000223821.1,,0.06,6,False
ENSG00000137767.14,,0.06,6,False
ENSG00000267402.1,,0.06,6,False
ENSG00000254443.1,,0.06,6,False
ENSG00000112715.21,,0.06,6,False
ENSG00000233296.1,,0.06,6,False
ENSG00000265666.1,,0.06,6,False
ENSG00000255557.1,,0.06,6,False
ENSG00000232332.1,,0.05,5,False
ENSG00000272832.1,,0.05,5,False
ENSG00000251379.1,,0.05,5,False
ENSG00000127954.12,,0.05,5,False
ENSG00000214108.4,,0.05,5,False
ENSG00000226777.7,,0.05,5,False
ENSG00000273142.1,,0.05,5,False
ENSG00000281938.2,,0.05,5,False
ENSG00000167600.14,,0.05,5,False
ENSG00000225916.1,,0.05,5,False
ENSG00000278765.1,,0.05,5,False
ENSG00000264490.3,,0.05,5,False
ENSG00000214940.8,,0.05,5,False
ENSG00000168255.20,,0.05,5,False
ENSG00000205578.6,,0.05,5,False
ENSG00000270359.1,,0.05,5,False
ENSG00000275385.1,,0.05,5,False
ENSG00000254681.6,,0.05,5,False
ENSG00000236682.1,MAP3K2-DT,0.05,5,True
ENSG00000238622.1,SNORD97,0.05,5,True
ENSG00000269296.1,,0.05,5,False
ENSG00000137976.7,,0.05,5,False
ENSG00000237707.1,,0.05,5,False
ENSG00000159128.14,,0.05,5,False
ENSG00000285807.1,,0.05,5,False
ENSG00000137834.15,,0.05,5,False
ENSG00000279414.1,,0.05,5,False
ENSG00000235042.1,,0.05,5,False
ENSG00000159618.16,,0.05,5,False
ENSG00000231760.5,,0.05,5,False
ENSG00000257829.1,,0.05,5,False
ENSG00000182183.15,,0.05,5,False
ENSG00000185614.5,,0.04,4,False
ENSG00000275585.2,,0.04,4,False
ENSG00000260517.3,,0.04,4,False
ENSG00000241155.1,,0.04,4,False
ENSG00000134612.12,,0.04,4,False
ENSG00000283145.1,,0.04,4,False
ENSG00000132170.21,,0.04,4,False
ENSG00000019991.17,,0.04,4,False
ENSG00000248795.1,,0.04,4,False
ENSG00000159860.7,,0.04,4,False
ENSG00000224137.1,,0.04,4,False
ENSG00000146070.16,,0.04,4,False
ENSG00000169245.6,,0.04,4,False
ENSG00000148773.14,,0.04,4,False
ENSG00000254629.1,,0.04,4,False
ENSG00000133048.13,,0.04,4,False
ENSG00000279058.2,,0.04,4,False
ENSG00000140379.8,,0.04,4,False
ENSG00000111331.13,,0.04,4,False
ENSG00000204006.9,,0.04,4,False
ENSG00000272619.1,,0.04,4,False
ENSG00000269930.1,,0.04,4,False
ENSG00000250471.2,,0.04,4,False
ENSG00000249781.6,,0.04,4,False
ENSG00000134760.6,,0.04,4,False
ENSG00000157927.16,,0.04,4,False
ENSG00000275139.1,,0.04,4,False
ENSG00000230805.6,,0.04,4,False
ENSG00000243708.10,,0.03,3,False
ENSG00000154760.14,,0.03,3,False
ENSG00000227141.2,,0.03,3,False
ENSG00000163217.2,,0.03,3,False
ENSG00000248578.1,,0.03,3,False
ENSG00000253848.1,,0.03,3,False
ENSG00000165501.17,,0.03,3,False
ENSG00000162366.8,,0.03,3,False
ENSG00000100196.11,,0.03,3,False
ENSG00000285556.1,,0.03,3,False
ENSG00000124253.11,,0.03,3,False
ENSG00000185291.11_PAR_Y,,0.03,3,False
ENSG00000153162.9,,0.03,3,False
ENSG00000163923.10,,0.03,3,False
ENSG00000162654.9,,0.03,3,False
ENSG00000254995.4,,0.03,3,False
ENSG00000255221.3,,0.03,3,False
ENSG00000166295.9,,0.03,3,False
ENSG00000229605.5,,0.03,3,False
ENSG00000240505.8,,0.03,3,False
ENSG00000185615.15,,0.03,3,False
ENSG00000249961.9,,0.03,3,False
ENSG00000233288.1,,0.03,3,False
ENSG00000142227.11,,0.03,3,False
ENSG00000258945.1,,0.03,3,False
ENSG00000164488.12,,0.03,3,False
ENSG00000254787.1,,0.03,3,False
ENSG00000272949.1,,0.03,3,False
ENSG00000163597.14,,0.03,3,False
ENSG00000173530.6,,0.03,3,False
ENSG00000279203.1,,0.03,3,False
ENSG00000236078.1,,0.03,3,False
ENSG00000105357.16,,0.03,3,False
ENSG00000250992.1,,0.03,3,False
ENSG00000276846.1,,0.03,3,False
ENSG00000142871.17,,0.03,3,False
ENSG00000242049.1,,0.03,3,False
ENSG00000176533.13,,0.03,3,False
ENSG00000233063.2,,0.03,3,False
ENSG00000278313.1,,0.03,3,False
ENSG00000214338.10,,0.03,3,False
ENSG00000273342.1,,0.03,3,False
ENSG00000275803.1,,0.02,2,False
ENSG00000248769.1,,0.02,2,False
ENSG00000245711.2,,0.02,2,False
ENSG00000218233.1,,0.02,2,False
ENSG00000277200.1,,0.02,2,False
ENSG00000160221.18,,0.02,2,False
ENSG00000263535.2,,0.02,2,False
ENSG00000120210.8,,0.02,2,False
ENSG00000223599.1,,0.02,2,False
ENSG00000123427.17,,0.02,2,False
ENSG00000178146.9,,0.02,2,False
ENSG00000111335.12,,0.02,2,False
ENSG00000115705.21,,0.02,2,False
ENSG00000277349.1,,0.02,2,False
ENSG00000235724.9,,0.02,2,False
ENSG00000126856.14,,0.02,2,False
ENSG00000217733.2,,0.02,2,False
ENSG00000168405.17,,0.02,2,False
ENSG00000148426.13,,0.02,2,False
ENSG00000265139.1,,0.02,2,False
ENSG00000256948.1,,0.02,2,False
ENSG00000259658.5,,0.02,2,False
ENSG00000180658.4,,0.02,2,False
ENSG00000286011.1,,0.02,2,False
ENSG00000237011.1,,0.02,2,False
ENSG00000113384.14,,0.02,2,False
ENSG00000249926.2,,0.02,2,False
ENSG00000224186.8,,0.02,2,False
ENSG00000196684.12,,0.02,2,False
ENSG00000272123.1,,0.02,2,False
ENSG00000259368.1,,0.02,2,False
ENSG00000267387.1,,0.02,2,False
ENSG00000118137.9,,0.02,2,False
ENSG00000283483.1,,0.02,2,False
ENSG00000273706.4,,0.02,2,False
ENSG00000124172.10,,0.02,2,False
ENSG00000272707.1,,0.02,2,False
ENSG00000230138.1,,0.02,2,False
ENSG00000280169.1,,0.02,2,False
ENSG00000138772.13,,0.02,2,False
ENSG00000257292.2,,0.02,2,False
ENSG00000271361.1,,0.02,2,False
ENSG00000144504.15,,0.02,2,False
ENSG00000204025.7,,0.02,2,False
ENSG00000277998.1,,0.02,2,False
ENSG00000280828.1,,0.02,2,False
ENSG00000108405.4,,0.02,2,False
ENSG00000272735.1,,0.02,2,False
ENSG00000249839.1,,0.02,2,False
ENSG00000236908.2,,0.02,2,False
ENSG00000163945.16,,0.02,2,False
ENSG00000169894.18,,0.02,2,False
ENSG00000201136.1,,0.02,2,False
ENSG00000262074.6,,0.02,2,False
ENSG00000116212.15,,0.02,2,False
ENSG00000186082.9,,0.02,2,False
ENSG00000279711.1,,0.02,2,False
ENSG00000073146.16,,0.02,2,False
ENSG00000224598.1,,0.02,2,False
ENSG00000286226.1,,0.02,2,False
ENSG00000280217.1,,0.02,2,False
ENSG00000268883.2,,0.02,2,False
ENSG00000132530.17,,0.02,2,False
ENSG00000103569.9,,0.02,2,False
ENSG00000184724.5,,0.02,2,False
ENSG00000205362.11,,0.02,2,False
ENSG00000267391.4,,0.02,2,False
ENSG00000187922.13,,0.02,2,False
ENSG00000225991.1,,0.02,2,False
ENSG00000226308.1,LOC112268270,0.02,2,True
ENSG00000211747.3,,0.02,2,False
ENSG00000095380.11,,0.02,2,False
ENSG00000244482.10,,0.02,2,False
ENSG00000076344.16,,0.02,2,False
ENSG00000134184.12,,0.02,2,False
ENSG00000279253.1,,0.02,2,False
ENSG00000189196.4,,0.02,2,False
ENSG00000213598.4,,0.02,2,False
ENSG00000182698.11,,0.02,2,False
ENSG00000042304.11,,0.02,2,False
ENSG00000233464.2,,0.02,2,False
ENSG00000269994.2,,0.02,2,False
ENSG00000260776.5,,0.02,2,False
ENSG00000231961.1,,0.02,2,False
ENSG00000226747.6,,0.01,1,False
ENSG00000213903.9,,0.01,1,False
ENSG00000116133.13,,0.01,1,False
ENSG00000197238.4,,0.01,1,False
ENSG00000275393.1,,0.01,1,False
ENSG00000225930.4,,0.01,1,False
ENSG00000237523.1,,0.01,1,False
ENSG00000233334.3,,0.01,1,False
ENSG00000269242.1,,0.01,1,False
ENSG00000286135.1,,0.01,1,False
ENSG00000140478.15,,0.01,1,False
ENSG00000187017.16,,0.01,1,False
ENSG00000176974.20,,0.01,1,False
ENSG00000175445.16,,0.01,1,False
ENSG00000185823.3,,0.01,1,False
ENSG00000213730.3,,0.01,1,False
ENSG00000182974.3,,0.01,1,False
ENSG00000225932.3,,0.01,1,False
ENSG00000221971.3,,0.01,1,False
ENSG00000124749.17,,0.01,1,False
ENSG00000128250.5,,0.01,1,False
ENSG00000183035.12,,0.01,1,False
ENSG00000227827.3,,0.01,1,False
ENSG00000235628.1,,0.01,1,False
ENSG00000166670.10,,0.01,1,False
ENSG00000228742.10,,0.01,1,False
ENSG00000275620.1,,0.01,1,False
ENSG00000280234.1,,0.01,1,False
ENSG00000161640.15,,0.01,1,False
ENSG00000243927.6,,0.01,1,False
ENSG00000232105.1,,0.01,1,False
ENSG00000275367.1,,0.01,1,False
ENSG00000228415.3,,0.01,1,False
ENSG00000213213.13,,0.01,1,False
ENSG00000254788.7,,0.01,1,False
ENSG00000226808.2,,0.01,1,False
ENSG00000235001.3,,0.01,1,False
ENSG00000180016.2,,0.01,1,False
ENSG00000285801.1,,0.01,1,False
ENSG00000038945.15,,0.01,1,False
ENSG00000235812.4,,0.01,1,False
ENSG00000284154.1,,0.01,1,False
ENSG00000180776.15,,0.01,1,False
ENSG00000261371.6,,0.01,1,False
ENSG00000226084.5,,0.01,1,False
ENSG00000179600.3,,0.01,1,False
ENSG00000103184.12,,0.01,1,False
ENSG00000249094.2,,0.01,1,False
ENSG00000269038.1,,0.01,1,False
ENSG00000181218.5,,0.01,1,False
ENSG00000246095.2,,0.01,1,False
ENSG00000112208.11,,0.01,1,False
ENSG00000152207.7,,0.01,1,False
ENSG00000135094.11,,0.01,1,False
ENSG00000125691.13,,0.01,1,False
ENSG00000163273.4,,0.01,1,False
ENSG00000270178.1,,0.01,1,False
ENSG00000116741.8,,0.01,1,False
ENSG00000204091.7,,0.01,1,False
ENSG00000249201.2,,0.01,1,False
ENSG00000256070.1,,0.01,1,False
ENSG00000198826.11,,0.01,1,False
ENSG00000225630.1,,0.01,1,False
ENSG00000272040.1,,0.01,1,False
ENSG00000285888.1,,0.01,1,False
ENSG00000286241.1,,0.01,1,False
ENSG00000144837.9,,0.01,1,False
ENSG00000196126.11,,0.01,1,False
ENSG00000024422.12,,0.01,1,False
ENSG00000197142.10,,0.01,1,False
ENSG00000124205.17,,0.01,1,False
ENSG00000085999.12,,0.01,1,False
ENSG00000267072.2,,0.01,1,False
ENSG00000114200.10,,0.01,1,False
ENSG00000238145.2,,0.01,1,False
ENSG00000259304.1,,0.01,1,False
ENSG00000266821.1,,0.01,1,False
ENSG00000186765.11,,0.01,1,False
ENSG00000162888.4,,0.01,1,False
ENSG00000280285.1,,0.01,1,False
ENSG00000272328.1,,0.01,1,False
ENSG00000272733.1,,0.01,1,False
ENSG00000204370.11,,0.01,1,False
ENSG00000279960.1,,0.01,1,False
ENSG00000275857.1,,0.01,1,False
ENSG00000225024.1,,0.01,1,False
ENSG00000229598.1,,0.01,1,False
ENSG00000254114.1,,0.01,1,False
ENSG00000216490.4,,0.01,1,False
ENSG00000104918.8,,0.01,1,False
ENSG00000197451.12,,0.01,1,False
ENSG00000285925.1,,0.01,1,False
ENSG00000229093.1,,0.01,1,False
ENSG00000205809.9,,0.01,1,False
ENSG00000266667.1,,0.01,1,False
ENSG00000277741.4,,0.01,1,False
ENSG00000205632.3,,0.01,1,False
ENSG00000185467.7,,0.01,1,False
ENSG00000125900.13,,0.01,1,False
ENSG00000185112.5,,0.01,1,False
ENSG00000234838.3,,0.01,1,False
ENSG00000277209.1,,0.01,1,False
ENSG00000285077.2,,0.01,1,False
ENSG00000232144.1,,0.01,1,False
ENSG00000175793.12,,0.01,1,False
ENSG00000277669.1,,0.01,1,False
ENSG00000130518.17,,0.01,1,False
ENSG00000275221.1,,0.01,1,False
ENSG00000259488.2,,0.01,1,False
ENSG00000237773.6,,0.01,1,False
ENSG00000221844.2,,0.01,1,False
ENSG00000257572.1,,0.01,1,False
ENSG00000132693.12,,0.01,1,False
ENSG00000256287.1,,0.01,1,False
ENSG00000238224.1,,0.01,1,False
ENSG00000235154.1,,0.01,1,False
ENSG00000130656.5,,0.01,1,False
ENSG00000212664.5,,0.01,1,False
ENSG00000226862.1,,0.01,1,False
ENSG00000268650.3,,0.01,1,False
ENSG00000226336.2,,0.01,1,False
ENSG00000176273.15,,0.01,1,False
ENSG00000171053.9,,0.01,1,False
ENSG00000273382.1,,0.01,1,False
ENSG00000213120.3,,0.01,1,False
ENSG00000279537.1,,0.01,1,False
ENSG00000272668.2,,0.01,1,False
ENSG00000263015.1,,0.01,1,False
ENSG00000087589.16,,0.01,1,False
ENSG00000187616.4,,0.01,1,False
ENSG00000274767.1,,0.01,1,False
ENSG00000198856.13,,0.01,1,False
ENSG00000259349.1,,0.01,1,False
ENSG00000115541.11,,0.01,1,False
ENSG00000274226.5,,0.01,1,False
ENSG00000218357.3,,0.01,1,False
ENSG00000198798.5,,0.01,1,False
ENSG00000258743.5,,0.01,1,False
ENSG00000249931.4,,0.01,1,False
ENSG00000172150.4,,0.01,1,False
ENSG00000282912.1,,0.01,1,False
ENSG00000042062.12,,0.01,1,False
ENSG00000168077.14,,0.01,1,False
ENSG00000241945.8,,0.01,1,False
ENSG00000173915.16,,0.01,1,False
ENSG00000126524.10,,0.01,1,False
ENSG00000227908.3,,0.01,1,False
ENSG00000259695.2,,0.01,1,False
ENSG00000240053.8,,0.01,1,False
ENSG00000197409.7,,0.01,1,False
ENSG00000183291.17,,0.01,1,False
ENSG00000281974.1,,0.01,1,False
ENSG00000237550.5,,0.01,1,False
ENSG00000253716.5,,0.01,1,False
ENSG00000169313.9,,0.01,1,False
ENSG00000196136.17,,0.01,1,False
ENSG00000229921.6,,0.01,1,False
ENSG00000248187.1,,0.01,1,False
ENSG00000234187.1,,0.01,1,False
ENSG00000238286.1,,0.01,1,False
ENSG00000148386.9,,0.01,1,False
ENSG00000260852.1,,0.01,1,False
ENSG00000267554.1,,0.01,1,False
ENSG00000224046.1,,0.01,1,False
ENSG00000257759.2,,0.01,1,False
ENSG00000140297.13,,0.01,1,False
ENSG00000196169.15,,0.01,1,False
ENSG00000166920.12,,0.01,1,False
ENSG00000270141.3,,0.01,1,False
ENSG00000270755.1,,0.01,1,False
ENSG00000265790.1,,0.01,1,False
ENSG00000234458.4,,0.01,1,False
ENSG00000272787.1,,0.01,1,False
ENSG00000282988.2,,0.01,1,False
ENSG00000178878.12,,0.01,1,False
ENSG00000248127.1,,0.01,1,False
ENSG00000263727.1,,0.01,1,False
ENSG00000125898.13,,0.01,1,False
ENSG00000255325.2,,0.01,1,False
ENSG00000273055.1,,0.01,1,False
ENSG00000062822.13,,0.01,1,False
ENSG00000214783.9,,0.01,1,False
ENSG00000188681.11,,0.01,1,False
ENSG00000225573.4,,0.01,1,False
ENSG00000242267.6,,0.01,1,False
ENSG00000237790.1,,0.01,1,False
ENSG00000278492.1,,0.01,1,False
ENSG00000260192.2,,0.01,1,False
ENSG00000167397.15,,0.01,1,False
ENSG00000280163.1,,0.01,1,False
ENSG00000242562.1,,0.01,1,False
ENSG00000226438.1,,0.01,1,False
ENSG00000158164.7,,0.01,1,False
ENSG00000113555.5,,0.01,1,False
ENSG00000116678.19,,0.01,1,False
ENSG00000203706.8,,0.01,1,False
ENSG00000166436.16,,0.01,1,False
ENSG00000276076.4,,0.01,1,False
ENSG00000125965.9,,0.01,1,False
ENSG00000182477.5,,0.01,1,False
ENSG00000279261.2,,0.01,1,False
ENSG00000147100.11,,0.01,1,False
ENSG00000283458.1,,0.01,1,False
ENSG00000238107.1,,0.01,1,False
ENSG00000233858.4,,0.01,1,False
ENSG00000237539.1,,0.01,1,False
ENSG00000169789.10,,0.01,1,False
ENSG00000074211.14,,0.01,1,False
ENSG00000231789.2,,0.01,1,False
ENSG00000137819.13,,0.01,1,False
ENSG00000259784.1,,0.01,1,False
ENSG00000226816.3,,0.01,1,False
ENSG00000121858.11,,0.01,1,False
ENSG00000273802.2,,0.01,1,False
ENSG00000234026.1,,0.01,1,False
ENSG00000279107.1,,0.01,1,False
ENSG00000105281.12,,0.01,1,False
ENSG00000116745.7,,0.01,1,False
ENSG00000203926.5,,0.01,1,False
ENSG00000124102.5,,0.01,1,False
ENSG00000254447.3,,0.01,1,False
ENSG00000243385.2,,0.01,1,False
ENSG00000285852.1,,0.01,1,False
ENSG00000188293.6,,0.01,1,False
ENSG00000188056.11,,0.01,1,False
ENSG00000138316.11,,0.01,1,False
ENSG00000173947.14,,0.01,1,False
ENSG00000101951.16,,0.01,1,False
ENSG00000158270.12,,0.01,1,False
ENSG00000273374.1,,0.01,1,False
ENSG00000248909.1,,0.01,1,False
ENSG00000242978.1,,0.01,1,False
ENSG00000249675.1,,0.01,1,False
ENSG00000279701.1,,0.01,1,False
ENSG00000260628.5,,0.01,1,False
ENSG00000268955.2,,0.01,1,False
ENSG00000213853.10,,0.01,1,False
ENSG00000141096.5,,0.01,1,False
ENSG00000232852.1,,0.01,1,False
ENSG00000215559.8,,0.01,1,False
ENSG00000253282.1,,0.01,1,False
ENSG00000234235.1,,0.01,1,False
ENSG00000166884.2,,0.01,1,False
ENSG00000149968.12,,0.01,1,False
ENSG00000229414.2,,0.01,1,False
ENSG00000174059.16,,0.01,1,False
ENSG00000278931.1,,0.01,1,False
ENSG00000258545.5,,0.01,1,False
ENSG00000125945.15,,0.01,1,False
ENSG00000234655.3,,0.01,1,False
ENSG00000135269.18,,0.01,1,False
ENSG00000114779.19,,0.01,1,False
ENSG00000072840.13,,0.01,1,False
ENSG00000133937.4,,0.01,1,False
ENSG00000106633.16,,0.01,1,False
ENSG00000104983.8,,0.01,1,False
ENSG00000123610.5,,0.01,1,False
ENSG00000259782.2,,0.01,1,False
ENSG00000243173.3,,0.01,1,False
ENSG00000132002.8,,0.01,1,False
ENSG00000146858.8,,0.01,1,False
ENSG00000284620.2,,0.01,1,False
ENSG00000261158.1,,0.01,1,False
ENSG00000247627.2,,0.01,1,False
ENSG00000283886.2,,0.01,1,False
ENSG00000269194.1,,0.01,1,False
ENSG00000274847.1,,0.01,1,False
ENSG00000197888.2,,0.01,1,False
ENSG00000237223.6,,0.01,1,False
ENSG00000279689.1,,0.01,1,False
ENSG00000230101.5,,0.01,1,False
ENSG00000254815.5,,0.01,1,False
ENSG00000085231.14,,0.01,1,False
ENSG00000123892.12,,0.01,1,False
ENSG00000257183.1,,0.01,1,False
ENSG00000138326.19,,0.01,1,False
ENSG00000227932.2,,0.01,1,False
